date,ticker,open,high,low,close,volume,ma_20,ma_50,rsi_14,bb_upper,bb_lower,bb_mid,pct_return,cumulative_return,indexed_price,volume_zscore,volume_spike,drawdown_pct,volatility_30d
2024-05-23,LTRN,6.46999979019165,6.590000152587891,6.070000171661377,6.230000019073486,89200,,,,,,,,0.0,100.0,,False,0.0,
2024-05-24,LTRN,6.21999979019165,6.796000003814697,6.150000095367432,6.269999980926514,103900,,,,,,,0.6421,0.6421,100.6421,,False,0.0,
2024-05-28,LTRN,6.300000190734863,6.590000152587891,6.159999847412109,6.179999828338623,90100,,,,,,,-1.4354,-0.8026,99.1974,,False,-1.4354,
2024-05-29,LTRN,6.150000095367432,6.409999847412109,5.880000114440918,6.010000228881836,51500,,,,,,,-2.7508,-3.5313,96.4687,,False,-4.1467,
2024-05-30,LTRN,6.130000114440918,6.369999885559082,5.900000095367432,6.300000190734863,54900,,,,,,,4.8253,1.1236,101.1236,,False,0.0,
2024-05-31,LTRN,6.329999923706055,6.400000095367432,6.03000020980835,6.070000171661377,38300,,,,,,,-3.6508,-2.5682,97.4318,,False,-3.6508,
2024-06-03,LTRN,6.050000190734863,6.300000190734863,6.0,6.25,83200,,,,,,,2.9654,0.321,100.321,,False,-0.7937,
2024-06-04,LTRN,6.260000228881836,6.400000095367432,6.0,6.360000133514404,77800,,,,,,,1.76,2.0867,102.0867,,False,0.0,
2024-06-05,LTRN,6.360000133514404,6.389999866485596,5.900000095367432,6.110000133514404,68800,,,,,,,-3.9308,-1.9262,98.0738,,False,-3.9308,
2024-06-06,LTRN,6.059999942779541,6.059999942779541,5.679999828338623,5.809999942779541,85900,,,,,,,-4.91,-6.7416,93.2584,,False,-8.6478,
2024-06-07,LTRN,5.730000019073486,5.889999866485596,5.550000190734863,5.579999923706055,63700,,,,,,,-3.9587,-10.4334,89.5666,,False,-12.2642,
2024-06-10,LTRN,5.550000190734863,5.635000228881836,5.25,5.400000095367432,159500,,,,,,,-3.2258,-13.3226,86.6774,,False,-15.0943,
2024-06-11,LTRN,5.289999961853027,5.659999847412109,5.260000228881836,5.590000152587891,116600,,,,,,,3.5185,-10.2729,89.7271,,False,-12.1069,
2024-06-12,LTRN,5.650000095367432,5.860000133514404,5.443999767303467,5.650000095367432,59500,,,,,,,1.0733,-9.3098,90.6902,,False,-11.1635,
2024-06-13,LTRN,5.639999866485596,5.639999866485596,5.25,5.440000057220459,37200,,,34.39,,,,-3.7168,-12.6806,87.3194,,False,-14.4654,
2024-06-14,LTRN,5.409999847412109,5.559999942779541,5.150000095367432,5.369999885559082,80900,,,32.42,,,,-1.2868,-13.8042,86.1958,,False,-15.566,
2024-06-17,LTRN,5.25,5.25,4.769999980926514,4.909999847412109,125000,,,28.33,,,,-8.5661,-21.1878,78.8122,,False,-22.7987,
2024-06-18,LTRN,4.840000152587891,4.880000114440918,4.579999923706055,4.690000057220459,105300,,,27.85,,,,-4.4806,-24.7191,75.2809,,False,-26.2579,
2024-06-20,LTRN,4.610000133514404,4.610000133514404,4.320000171661377,4.440000057220459,107500,,,18.37,,,,-5.3305,-28.7319,71.2681,,False,-30.1887,
2024-06-21,LTRN,4.420000076293945,4.639999866485596,4.099999904632568,4.150000095367432,117400,5.6405,,18.0,6.9549,4.3261,5.6405,-6.5315,-33.3868,66.6132,,False,-34.7484,
2024-06-24,LTRN,4.139999866485596,4.210000038146973,3.849999904632568,3.910000085830689,160600,5.5245,,11.76,7.0173,4.0317,5.5245,-5.7831,-37.2392,62.7608,,False,-38.522,
2024-06-25,LTRN,3.869999885559082,4.150000095367432,3.829999923706055,4.010000228881836,65800,5.4115,,11.48,7.0054,3.8176,5.4115,2.5575,-35.634,64.366,,False,-36.9497,
2024-06-26,LTRN,4.0,4.289999961853027,4.0,4.269999980926514,48800,5.316,,19.93,6.9445,3.6875,5.316,6.4838,-31.4607,68.5393,,False,-32.8616,
2024-06-27,LTRN,4.25,4.610000133514404,4.239999771118164,4.539999961853027,43900,5.2425,,29.04,6.8718,3.6132,5.2425,6.3232,-27.1268,72.8732,,False,-28.6164,
2024-06-28,LTRN,4.559999942779541,4.868000030517578,4.510000228881836,4.670000076293945,78200,5.161,,34.47,6.7295,3.5925,5.161,2.8634,-25.0401,74.9599,,False,-26.5723,
2024-07-01,LTRN,4.760000228881836,4.900000095367432,4.400000095367432,4.519999980926514,40500,5.0835,,34.83,6.6157,3.5513,5.0835,-3.212,-27.4478,72.5522,,False,-28.9308,
2024-07-02,LTRN,4.46999979019165,4.679999828338623,4.400000095367432,4.400000095367432,21900,4.991,,28.98,6.4482,3.5338,4.991,-2.6549,-29.374,70.626,,False,-30.8176,
2024-07-03,LTRN,4.380000114440918,4.570000171661377,4.25,4.289999961853027,25500,4.8875,,26.39,6.2243,3.5507,4.8875,-2.5,-31.1396,68.8604,,False,-32.5472,
2024-07-05,LTRN,4.25,4.570000171661377,4.25,4.380000114440918,17700,4.801,,30.8,6.0238,3.5782,4.801,2.0979,-29.695,70.305,,False,-31.1321,
2024-07-08,LTRN,4.389999866485596,4.5,4.070000171661377,4.070000171661377,121100,4.714,,28.33,5.8808,3.5472,4.714,-7.0776,-34.6709,65.3291,1.1399,False,-36.0063,
2024-07-09,LTRN,4.059999942779541,4.298999786376953,3.9600000381469727,4.28000020980835,58300,4.649,,38.55,5.756,3.542,4.649,5.1597,-31.3002,68.6998,-0.4926,False,-32.7044,4.2036
2024-07-10,LTRN,4.300000190734863,4.300000190734863,4.099999904632568,4.130000114440918,65200,4.5855,,39.55,5.6562,3.5148,4.5855,-3.5047,-33.7079,66.2921,-0.2788,False,-35.0629,4.2105
2024-07-11,LTRN,3.990000009536743,4.329999923706055,3.9700000286102295,4.199999809265137,97200,4.516,,45.2,5.4881,3.5439,4.516,1.6949,-32.5843,67.4157,0.5638,False,-33.9623,4.2456
2024-07-12,LTRN,4.269999980926514,4.489999771118164,4.2220001220703125,4.420000076293945,27600,4.4545,,55.56,5.2671,3.6419,4.4545,5.2381,-29.053,70.947,-1.234,False,-30.5031,4.3925
2024-07-15,LTRN,4.480000019073486,4.5,4.269999980926514,4.349999904632568,63200,4.4,,59.73,5.0676,3.7324,4.4,-1.5837,-30.1766,69.8234,-0.3179,False,-31.6038,4.2569
2024-07-16,LTRN,4.429999828338623,4.619999885559082,4.210000038146973,4.5,123200,4.3565,,60.61,4.8481,3.8649,4.3565,3.4483,-27.7689,72.2311,1.1622,False,-29.2453,4.3094
2024-07-17,LTRN,4.550000190734863,4.880000114440918,4.449999809265137,4.829999923706055,64600,4.3525,,61.76,4.8261,3.8789,4.3525,7.3333,-22.4719,77.5281,-0.3358,False,-24.0566,4.5136
2024-07-18,LTRN,4.860000133514404,5.099999904632568,4.360000133514404,4.480000019073486,56900,4.342,,48.78,4.7929,3.8911,4.342,-7.2464,-28.0899,71.9101,-0.514,False,-29.5597,4.6382
2024-07-19,LTRN,4.460000038146973,4.599999904632568,4.300000190734863,4.409999847412109,15700,4.3405,,44.58,4.7902,3.8908,4.3405,-1.5625,-29.2135,70.7865,-1.4678,False,-30.6604,4.6076
2024-07-22,LTRN,4.489999771118164,4.659999847412109,4.380000114440918,4.619999885559082,37400,4.364,,52.03,4.8209,3.9071,4.364,4.7619,-25.8427,74.1573,-0.8808,False,-27.3585,4.6611
2024-07-23,LTRN,4.590000152587891,4.849999904632568,4.340000152587891,4.760000228881836,29600,4.4065,,57.26,4.8432,3.9698,4.4065,3.0303,-23.5955,76.4045,-1.0246,False,-25.1572,4.665
2024-07-24,LTRN,4.75,4.77400016784668,4.400000095367432,4.420000076293945,24600,4.427,,52.4,4.8219,4.0321,4.427,-7.1429,-29.053,70.947,-1.103,False,-30.5031,4.799
2024-07-25,LTRN,4.400000095367432,4.861999988555908,4.400000095367432,4.539999961853027,14800,4.4405,,52.92,4.8312,4.0498,4.4405,2.7149,-27.1268,72.8732,-1.2648,False,-28.6164,4.7777
2024-07-26,LTRN,4.630000114440918,4.881999969482422,4.53000020980835,4.579999923706055,22800,4.4425,,60.32,4.8358,4.0492,4.4425,0.8811,-26.4848,73.5152,-1.0114,False,-27.9874,4.7755
2024-07-29,LTRN,4.599999904632568,4.769999980926514,4.539999961853027,4.610000133514404,12900,4.4395,,57.21,4.8263,4.0527,4.4395,0.655,-26.0032,73.9968,-1.2147,False,-27.5157,4.7433
2024-07-30,LTRN,4.619999885559082,4.749000072479248,4.420000076293945,4.449999809265137,20500,4.436,,56.96,4.821,4.051,4.436,-3.4707,-28.5714,71.4286,-0.9662,False,-30.0315,4.7734
2024-07-31,LTRN,4.449999809265137,4.650000095367432,4.199999809265137,4.199999809265137,60500,4.426,,50.0,4.8251,4.0269,4.426,-5.618,-32.5843,67.4157,0.0555,False,-33.9623,4.6301
2024-08-01,LTRN,4.199999809265137,4.210000038146973,3.910000085830689,4.059999942779541,37200,4.4145,,42.5,4.8423,3.9867,4.4145,-3.3333,-34.8315,65.1685,-0.4871,False,-36.1635,4.6
2024-08-02,LTRN,3.950000047683716,3.986999988555908,3.7300000190734863,3.740000009536743,46400,4.3825,,38.49,4.9062,3.8588,4.3825,-7.8818,-39.9679,60.0321,-0.2029,False,-41.195,4.7169
2024-08-05,LTRN,3.640000104904175,3.839999914169312,3.299999952316284,3.5199999809265137,161400,4.355,4.8594,31.99,4.993,3.717,4.355,-5.8824,-43.4992,56.5008,2.6,True,-44.6541,4.6895
2024-08-06,LTRN,3.650000095367432,3.7899999618530273,3.5299999713897705,3.5899999141693115,32800,4.3205,4.8066,24.8,5.0445,3.5965,4.3205,1.9886,-42.3756,57.6244,-0.5149,False,-43.5535,4.5979
2024-08-07,LTRN,3.799999952316284,4.489999771118164,3.660000085830689,4.03000020980835,98900,4.3155,4.7618,41.18,5.0463,3.5847,4.3155,12.2563,-35.313,64.687,1.2691,False,-36.6352,5.1096
2024-08-08,LTRN,4.429999828338623,4.880000114440918,3.950000047683716,4.230000019073486,150800,4.317,4.7228,46.64,5.047,3.587,4.317,4.9628,-32.1027,67.8973,2.3271,True,-33.4906,5.0517
2024-08-09,LTRN,4.25,4.340000152587891,3.660000085830689,3.9049999713897705,92900,4.2912,4.6807,37.21,5.042,3.5405,4.2912,-7.6832,-37.3194,62.6806,0.8599,False,-38.6006,5.1029
2024-08-12,LTRN,3.799999952316284,4.099999904632568,3.5999999046325684,3.859999895095825,90300,4.2667,4.6319,33.33,5.041,3.4925,4.2667,-1.1524,-38.0417,61.9583,0.7822,False,-39.3082,5.0676
2024-08-13,LTRN,3.859999895095825,4.099999904632568,3.721999883651733,3.9700000286102295,54500,4.2402,4.5899,40.89,5.0172,3.4633,4.2402,2.8497,-36.2761,63.7239,-0.0895,False,-37.5786,5.0769
2024-08-14,LTRN,4.03000020980835,4.03000020980835,3.849999904632568,3.940000057220459,13100,4.1957,4.5437,37.39,4.9313,3.4602,4.1957,-0.7557,-36.7576,63.2424,-1.0724,False,-38.0503,5.0585
2024-08-15,LTRN,3.9600000381469727,4.400000095367432,3.839999914169312,4.289999961853027,83200,4.1862,4.5023,44.61,4.9112,3.4613,4.1862,8.8832,-31.1396,68.8604,0.5618,False,-32.5472,5.3044
2024-08-16,LTRN,4.239999771118164,4.340000152587891,4.0320000648498535,4.230000019073486,17800,4.1772,4.4647,43.01,4.8949,3.4596,4.1772,-1.3986,-32.1027,67.8973,-1.0114,False,-33.4906,5.2982
2024-08-19,LTRN,4.230000019073486,4.449999809265137,4.03000020980835,4.449999809265137,41700,4.1687,4.4375,50.0,4.8681,3.4694,4.1687,5.2009,-28.5714,71.4286,-0.3871,False,-30.0315,5.2045
2024-08-20,LTRN,4.46999979019165,4.589000225067139,4.400000095367432,4.400000095367432,22800,4.1507,4.4139,53.88,4.803,3.4985,4.1507,-1.1236,-29.374,70.626,-0.8196,False,-30.8176,5.1335
2024-08-21,LTRN,4.5,4.59499979019165,4.295000076293945,4.440000057220459,32600,4.1517,4.3947,57.66,4.8058,3.4977,4.1517,0.9091,-28.7319,71.2681,-0.5485,False,-30.1887,5.0861
2024-08-22,LTRN,4.440000057220459,4.46999979019165,4.179999828338623,4.21999979019165,17100,4.1357,4.3673,60.08,4.765,3.5065,4.1357,-4.955,-32.2632,67.7368,-0.8689,False,-33.6478,5.1704
2024-08-23,LTRN,4.090000152587891,4.769999980926514,4.090000152587891,4.650000095367432,137400,4.1392,4.3473,71.81,4.7795,3.499,4.1392,10.1896,-25.3612,74.6388,1.893,False,-26.8868,5.412
2024-08-26,LTRN,4.650000095367432,4.794000148773193,4.389999866485596,4.650000095367432,82100,4.1412,4.3315,71.03,4.788,3.4945,4.1412,0.0,-25.3612,74.6388,0.5902,False,-26.8868,5.4006
2024-08-27,LTRN,4.599999904632568,4.650000095367432,4.309999942779541,4.329999923706055,30700,4.1352,4.3107,56.25,4.772,3.4985,4.1352,-6.8817,-30.4976,69.5024,-0.5467,False,-31.9182,5.5249
2024-08-28,LTRN,4.329999923706055,4.349999904632568,4.0,4.159999847412109,39400,4.1332,4.2957,48.52,4.7694,3.4971,4.1332,-3.9261,-33.2263,66.7737,-0.3175,False,-34.5912,5.3916
2024-08-29,LTRN,4.110000133514404,4.190000057220459,3.990000009536743,4.039999961853027,17300,4.1322,4.2827,53.12,4.769,3.4955,4.1322,-2.8846,-35.1525,64.8475,-0.8068,False,-36.478,5.2566
2024-08-30,LTRN,4.070000171661377,4.110000133514404,3.920000076293945,4.090000152587891,26100,4.1497,4.2757,55.3,4.7598,3.5397,4.1497,1.2376,-34.3499,65.6501,-0.61,False,-35.6918,5.2566
2024-09-03,LTRN,4.210000038146973,4.210000038146973,3.430000066757202,3.660000085830689,102200,4.1567,4.2659,43.78,4.7389,3.5746,4.1567,-10.5134,-41.252,58.748,1.1308,False,-42.4528,5.5017
2024-09-04,LTRN,3.700000047683716,3.920000076293945,3.5199999809265137,3.609999895095825,31900,4.1577,4.2599,43.43,4.7359,3.5796,4.1577,-1.3661,-42.0546,57.9454,-0.5144,False,-43.239,5.4592
2024-09-05,LTRN,3.609999895095825,3.809999942779541,3.450000047683716,3.5,19400,4.1312,4.2497,32.6,4.7785,3.484,4.1312,-3.0471,-43.8202,56.1798,-0.8003,False,-44.9686,5.3445
2024-09-06,LTRN,3.5,3.5899999141693115,3.25,3.4200000762939453,92500,4.0907,4.2327,32.31,4.8094,3.3721,4.0907,-2.2857,-45.1043,54.8957,0.8458,False,-46.2264,5.3142
2024-09-09,LTRN,3.5299999713897705,3.640000104904175,3.384999990463257,3.5,19400,4.0705,4.2119,27.91,4.8327,3.3083,4.0705,2.3392,-43.8202,56.1798,-0.8579,False,-44.9686,5.3368
2024-09-10,LTRN,3.490000009536743,3.490000009536743,3.26200008392334,3.3499999046325684,31000,4.045,4.1855,26.67,4.8685,3.2215,4.045,-4.2857,-46.2279,53.7721,-0.6086,False,-47.327,5.3679
2024-09-11,LTRN,3.440000057220459,3.829999923706055,3.374000072479248,3.7200000286102295,59600,4.0325,4.1695,36.05,4.8683,3.1967,4.0325,11.0448,-40.2889,59.7111,0.0359,False,-41.5094,5.7693
2024-09-12,LTRN,3.859999895095825,4.0,3.640000104904175,3.7899999618530273,64400,4.025,4.1573,41.15,4.867,3.183,4.025,1.8817,-39.1653,60.8347,0.1475,False,-40.4088,5.6991
2024-09-13,LTRN,3.799999952316284,4.099999904632568,3.559999942779541,4.019999980926514,75400,4.0115,4.1519,35.87,4.8442,3.1788,4.0115,6.0686,-35.4735,64.5265,0.3807,False,-36.7925,5.7781
2024-09-16,LTRN,3.940000057220459,4.090000152587891,3.75,3.759999990463257,56000,3.988,4.1395,32.13,4.8212,3.1548,3.988,-6.4677,-39.6469,60.3531,-0.0917,False,-40.8805,5.716
2024-09-17,LTRN,3.849999904632568,4.050000190734863,3.808000087738037,3.809999942779541,14600,3.956,4.1343,38.29,4.7633,3.1487,3.956,1.3298,-38.8443,61.1557,-1.0672,False,-40.0943,5.603
2024-09-18,LTRN,3.839999914169312,4.142000198364258,3.7699999809265137,3.910000085830689,37200,3.9315,4.1269,44.19,4.7113,3.1517,3.9315,2.6247,-37.2392,62.7608,-0.474,False,-38.522,5.6104
2024-09-19,LTRN,3.7799999713897705,4.388999938964844,3.7799999713897705,4.070000171661377,56400,3.913,4.1257,50.68,4.6589,3.1671,3.913,4.0921,-34.6709,65.3291,0.0745,False,-36.0063,5.2002
2024-09-20,LTRN,3.9800000190734863,4.370999813079834,3.9800000190734863,3.990000009536743,52300,3.9015,4.1215,47.75,4.6344,3.1686,3.9015,-1.9656,-35.9551,64.0449,0.0603,False,-37.2642,5.1331
2024-09-23,LTRN,4.099999904632568,4.25,3.869999885559082,3.950000047683716,47800,3.8665,4.1121,57.92,4.5103,3.2227,3.8665,-1.0025,-36.5971,63.4029,-0.0348,False,-37.8931,4.9324
2024-09-24,LTRN,3.9600000381469727,4.090000152587891,3.930999994277954,4.039999961853027,30400,3.836,4.1059,61.5,4.3724,3.2996,3.836,2.2785,-35.1525,64.8475,-0.5488,False,-36.478,4.9408
2024-09-25,LTRN,3.990000009536743,4.139999866485596,3.910000085830689,3.920000076293945,30300,3.8155,4.0943,61.17,4.3014,3.3296,3.8155,-2.9703,-37.0787,62.9213,-0.5233,False,-38.3648,4.9502
2024-09-26,LTRN,4.0,4.13100004196167,3.7799999713897705,3.839999914169312,44700,3.7995,4.0745,61.17,4.2579,3.3411,3.7995,-2.0408,-38.3628,61.6372,-0.0822,False,-39.6226,4.9632
2024-09-27,LTRN,3.839999914169312,3.940000057220459,3.7200000286102295,3.775000095367432,52800,3.7863,4.0604,57.37,4.2305,3.342,3.7863,-1.6927,-39.4061,60.5939,0.2329,False,-40.6447,4.6804
2024-09-30,LTRN,3.740000009536743,3.890000104904175,3.549000024795532,3.670000076293945,31200,3.7653,4.0456,58.79,4.1882,3.3423,3.7653,-2.7815,-41.0915,58.9085,-0.5414,False,-42.2956,4.6981
2024-10-01,LTRN,3.75,3.829999923706055,3.549999952316284,3.759999990463257,42400,3.7703,4.0284,51.3,4.1903,3.3502,3.7703,2.4523,-39.6469,60.3531,-0.1474,False,-40.8805,4.6118
2024-10-02,LTRN,3.7200000286102295,3.849999904632568,3.609999895095825,3.7100000381469727,20900,3.7753,4.0074,47.37,4.1896,3.3609,3.7753,-1.3298,-40.4494,59.5506,-0.9014,False,-41.6667,4.613
2024-10-03,LTRN,3.700000047683716,3.890000104904175,3.5199999809265137,3.5999999046325684,28400,3.7803,3.991,35.0,4.1829,3.3776,3.7803,-2.965,-42.2151,57.7849,-0.6307,False,-43.3962,4.6274
2024-10-04,LTRN,3.5999999046325684,3.8429999351501465,3.549999952316284,3.7699999809265137,23800,3.7978,3.9756,50.38,4.1632,3.4323,3.7978,4.7222,-39.4864,60.5136,-0.806,False,-40.7233,4.6502
2024-10-07,LTRN,3.7200000286102295,3.869999885559082,3.630000114440918,3.7300000190734863,12200,3.8093,3.9586,46.92,4.1488,3.4697,3.8093,-1.061,-40.1284,59.8716,-1.3022,False,-41.3522,4.2103
2024-10-08,LTRN,3.650000095367432,3.859999895095825,3.640000104904175,3.690000057220459,25900,3.8263,3.9402,41.13,4.0958,3.5567,3.8263,-1.0724,-40.7705,59.2295,-0.6618,False,-41.9811,4.2092
2024-10-09,LTRN,3.680000066757202,3.7909998893737793,3.490000009536743,3.5299999713897705,45100,3.8168,3.9218,28.23,4.114,3.5195,3.8168,-4.336,-43.3387,56.6613,0.1842,False,-44.4969,4.1042
2024-10-10,LTRN,3.470000028610229,3.5899999141693115,3.299999952316284,3.390000104904175,55800,3.7968,3.9056,26.92,4.1501,3.4434,3.7968,-3.966,-45.5859,54.4141,0.6394,False,-46.6981,4.1053
2024-10-11,LTRN,3.390000104904175,3.607000112533569,3.390000104904175,3.4800000190734863,24500,3.7698,3.894,32.59,4.1337,3.4058,3.7698,2.6549,-44.1413,55.8587,-0.7871,False,-45.283,4.1235
2024-10-14,LTRN,3.619999885559082,3.634999990463257,3.4820001125335693,3.549999952316284,21400,3.7593,3.8902,31.58,4.1363,3.3822,3.7593,2.0115,-43.0177,56.9823,-0.9154,False,-44.1824,4.1366
2024-10-15,LTRN,3.5,3.5999999046325684,3.4200000762939453,3.539999961853028,66400,3.7458,3.8906,34.43,4.1343,3.3572,3.7458,-0.2817,-43.1782,56.8218,1.3245,False,-44.3396,3.6683
2024-10-16,LTRN,3.549999952316284,3.569999933242798,3.4200000762939453,3.5,27900,3.7253,3.8888,35.59,4.1205,3.33,3.7253,-1.1299,-43.8202,56.1798,-0.6329,False,-44.9686,3.6656
2024-10-17,LTRN,3.450000047683716,3.49399995803833,3.109999895095825,3.390000104904175,54400,3.6913,3.876,34.29,4.0785,3.304,3.6913,-3.1429,-45.5859,54.4141,0.6647,False,-46.6981,3.6684
2024-10-18,LTRN,3.3499999046325684,3.5,3.3499999046325684,3.440000057220459,17100,3.6638,3.8602,40.17,4.0396,3.2879,3.6638,1.4749,-44.7833,55.2167,-1.2621,False,-45.9119,3.6533
2024-10-21,LTRN,3.509999990463257,3.509999990463257,3.2100000381469727,3.359999895095825,22400,3.6343,3.8493,32.76,4.0082,3.2603,3.6343,-2.3256,-46.0674,53.9326,-0.9684,False,-47.1698,3.6532
2024-10-22,LTRN,3.299999952316284,3.5,3.119999885559082,3.390000104904175,49300,3.6018,3.8399,35.96,3.9383,3.2652,3.6018,0.8929,-45.5859,54.4141,0.5561,False,-46.6981,3.5687
2024-10-23,LTRN,3.319999933242798,3.400000095367432,3.190000057220459,3.369999885559082,22100,3.5743,3.8279,39.05,3.8906,3.2579,3.5743,-0.59,-45.9069,54.0931,-0.9545,False,-47.0126,2.9096
2024-10-24,LTRN,3.369999885559082,3.48799991607666,3.2300000190734863,3.450000047683716,27000,3.5548,3.8181,33.33,3.8494,3.2601,3.5548,2.3739,-44.6228,55.3772,-0.6174,False,-45.7547,2.9236
2024-10-25,LTRN,3.400000095367432,3.4600000381469727,3.200000047683716,3.3399999141693115,31900,3.533,3.7991,31.07,3.8234,3.2426,3.533,-3.1884,-46.3884,53.6116,-0.2589,False,-47.4843,2.7122
2024-10-28,LTRN,3.380000114440918,3.660000085830689,3.289999961853028,3.660000085830689,81200,3.5325,3.7877,48.85,3.822,3.243,3.5325,9.5808,-41.252,58.748,2.6756,True,-42.4528,3.07
2024-10-29,LTRN,3.609999895095825,3.680000066757202,3.3499999046325684,3.490000009536743,63700,3.519,3.7685,48.48,3.7883,3.2497,3.519,-4.6448,-43.9807,56.0193,1.5118,False,-45.1258,3.1699
2024-10-30,LTRN,3.390000104904175,3.450000047683716,3.2300000190734863,3.259999990463257,52500,3.4965,3.7457,45.39,3.7736,3.2194,3.4965,-6.5903,-47.6726,52.3274,0.8072,False,-48.7421,3.325
2024-10-31,LTRN,3.259999990463257,3.263999938964844,3.039999961853028,3.125,59800,3.4728,3.7194,37.8,3.7909,3.1546,3.4728,-4.1411,-49.8395,50.1605,1.2194,False,-50.8648,3.2678
2024-11-01,LTRN,3.0799999237060547,3.309999942779541,3.049999952316284,3.309999942779541,20500,3.4498,3.7012,42.36,3.743,3.1565,3.4498,5.92,-46.87,53.13,-0.9996,False,-47.956,3.483
2024-11-04,LTRN,3.190000057220459,3.319999933242798,3.140000104904175,3.2799999713897705,22900,3.4273,3.6738,41.82,3.6981,3.1564,3.4273,-0.9063,-47.3515,52.6485,-0.8082,False,-48.4277,3.4826
2024-11-05,LTRN,3.2300000190734863,3.382999897003174,3.2300000190734863,3.2699999809265137,25700,3.4062,3.6462,42.63,3.6556,3.1569,3.4062,-0.3049,-47.512,52.488,-0.6353,False,-48.5849,3.4417
2024-11-06,LTRN,3.2799999713897705,3.3540000915527344,3.253000020980835,3.309999942779541,27900,3.3952,3.6258,47.32,3.641,3.1495,3.3952,1.2232,-46.87,53.13,-0.5038,False,-47.956,3.4292
2024-11-07,LTRN,3.319999933242798,3.5,3.319999933242798,3.4200000762939453,52100,3.3967,3.611,49.35,3.6428,3.1507,3.3967,3.3233,-45.1043,54.8957,0.8553,False,-46.2264,3.4858
2024-11-08,LTRN,3.3499999046325684,3.839999914169312,3.319999933242798,3.839999914169312,48800,3.4147,3.607,62.7,3.7295,3.1,3.4147,12.2807,-38.3628,61.6372,0.6804,False,-39.6226,4.1646
2024-11-11,LTRN,3.869999885559082,3.869999885559082,3.509999990463257,3.509999990463257,42400,3.4127,3.5954,52.74,3.7244,3.1011,3.4127,-8.5937,-43.6597,56.3403,0.2952,False,-44.8113,4.4317
2024-11-12,LTRN,3.509999990463257,3.650000095367432,3.5,3.5799999237060547,68300,3.4147,3.5938,54.69,3.7303,3.0992,3.4147,1.9943,-42.5361,57.4639,1.6381,False,-43.7107,4.4236
2024-11-13,LTRN,3.5999999046325684,3.624000072479248,3.5,3.5299999713897705,56300,3.4162,3.5922,51.81,3.7338,3.0987,3.4162,-1.3966,-43.3387,56.6613,0.924,False,-44.4969,4.4242
2024-11-14,LTRN,3.509999990463257,3.5989999771118164,3.450000047683716,3.490000009536743,77000,3.4212,3.592,53.5,3.7402,3.1023,3.4212,-1.1331,-43.9807,56.0193,1.8468,False,-45.1258,4.3955
2024-11-15,LTRN,3.4600000381469727,3.549999952316284,3.361000061035156,3.539999961853028,71100,3.4262,3.5944,46.79,3.7495,3.103,3.4262,1.4327,-43.1782,56.8218,1.4297,False,-44.3396,4.3136
2024-11-18,LTRN,3.539999961853028,3.5739998817443848,3.1600000858306885,3.1600000858306885,50300,3.4162,3.5876,42.07,3.7599,3.0726,3.4162,-10.7345,-49.2777,50.7223,0.3417,False,-50.3145,4.7279
2024-11-19,LTRN,3.200000047683716,3.369999885559082,2.930000066757202,3.0799999237060547,47900,3.4007,3.5822,45.34,3.7759,3.0256,3.4007,-2.5317,-50.5618,49.4382,0.1816,False,-51.5723,4.7421
2024-11-20,LTRN,3.0,3.188999891281128,2.900000095367432,2.940000057220459,71700,3.3792,3.5666,45.22,3.8074,2.9511,3.3792,-4.5455,-52.809,47.191,1.3446,False,-53.7736,4.7481
2024-11-21,LTRN,2.900000095367432,2.9800000190734863,2.789999961853028,2.950000047683716,89000,3.3542,3.5498,39.77,3.8216,2.8869,3.3542,0.3401,-52.6485,47.3515,2.0173,True,-53.6164,4.7046
2024-11-22,LTRN,2.990000009536743,3.220000028610229,2.799999952316284,3.0799999237060547,108500,3.3412,3.531,44.62,3.8244,2.8581,3.3412,4.4068,-50.5618,49.4382,2.5197,True,-51.5723,4.7538
2024-11-25,LTRN,3.0899999141693115,3.259999990463257,3.0,3.130000114440918,113000,3.3147,3.5184,46.32,3.7822,2.8473,3.3147,1.6234,-49.7592,50.2408,2.3685,True,-50.7862,4.7479
2024-11-26,LTRN,3.0899999141693115,3.25,3.059999942779541,3.072000026702881,74000,3.2938,3.5036,43.8,3.7657,2.822,3.2938,-1.853,-50.6902,49.3098,0.8309,False,-51.6981,4.7562
2024-11-27,LTRN,3.0899999141693115,3.190000057220459,3.009999990463257,3.109999895095825,24100,3.2863,3.4876,41.6,3.7652,2.8075,3.2863,1.237,-50.0803,49.9197,-1.0921,False,-51.1006,4.7627
2024-11-29,LTRN,3.140000104904175,3.388999938964844,3.140000104904175,3.2100000381469727,13300,3.2906,3.4704,29.36,3.7649,2.8163,3.2906,3.2154,-48.4751,51.5249,-1.4037,False,-49.5283,4.7725
2024-12-02,LTRN,3.259999990463257,3.390000104904175,3.119999885559082,3.1600000858306885,29000,3.2831,3.4538,35.96,3.7608,2.8054,3.2831,-1.5576,-49.2777,50.7223,-0.8485,False,-50.3145,4.7707
2024-12-03,LTRN,3.3399999141693115,3.380000114440918,3.1600000858306885,3.190000057220459,56100,3.2786,3.4386,33.83,3.7581,2.7991,3.2786,0.9494,-48.7961,51.2039,0.1359,False,-49.8428,4.7572
2024-12-04,LTRN,3.2799999713897705,3.900000095367432,3.240000009536743,3.829999923706055,237400,3.3066,3.4344,58.35,3.8457,2.7675,3.3066,20.0627,-38.5233,61.4767,4.1995,True,-39.7799,6.0121
2024-12-05,LTRN,3.880000114440918,3.880000114440918,3.4549999237060547,3.5,63400,3.3161,3.426,50.24,3.8621,2.7701,3.3161,-8.6162,-43.8202,56.1798,0.0756,False,-44.9686,6.24
2024-12-06,LTRN,3.5199999809265137,4.150000095367432,3.5199999809265137,3.9800000190734863,105600,3.3441,3.4288,58.74,3.9649,2.7233,3.3441,13.7143,-36.1156,63.8844,1.0117,False,-37.4214,6.6963
2024-12-09,LTRN,4.170000076293945,4.880000114440918,4.099999904632568,4.150000095367432,231200,3.3596,3.4363,71.47,4.0446,2.6746,3.3596,4.2714,-33.3868,66.6132,3.1212,True,-34.7484,6.686
2024-12-10,LTRN,4.170000076293945,4.449999809265137,3.8450000286102295,3.9800000190734863,41000,3.3831,3.4425,68.78,4.1201,2.6461,3.3831,-4.0964,-36.1156,63.8844,-0.5219,False,-37.4214,6.5408
2024-12-11,LTRN,4.199999809265137,4.320000171661377,3.809999942779541,3.839999914169312,39200,3.3961,3.4441,68.78,4.1566,2.6356,3.3961,-3.5176,-38.3628,61.6372,-0.5381,False,-39.6226,6.5135
2024-12-12,LTRN,3.900000095367432,3.9070000648498535,3.549999952316284,3.630000114440918,36500,3.4011,3.4425,63.1,4.1666,2.6356,3.4011,-5.4687,-41.7335,58.2665,-0.5769,False,-42.9245,6.4745
2024-12-13,LTRN,3.619999885559082,3.619999885559082,3.2799999713897705,3.444999933242798,97200,3.3989,3.4394,56.88,4.1635,2.6342,3.3989,-5.0964,-44.7031,55.2969,0.5523,False,-45.8333,6.5006
2024-12-16,LTRN,3.359999895095825,3.575000047683716,3.315000057220459,3.559999942779541,63500,3.3999,3.4352,57.92,4.1653,2.6344,3.3999,3.3382,-42.8571,57.1429,-0.1149,False,-44.0252,6.4435
2024-12-17,LTRN,3.4100000858306885,3.5510001182556152,3.3540000915527344,3.430000066757202,62700,3.4134,3.4292,56.42,4.1705,2.6562,3.4134,-3.6517,-44.9438,55.0562,-0.158,False,-46.0692,6.4826
2024-12-18,LTRN,3.400000095367432,3.5999999046325684,3.200000047683716,3.2100000381469727,62900,3.4199,3.4196,51.68,4.1671,2.6726,3.4199,-6.414,-48.4751,51.5249,-0.1807,False,-49.5283,6.5986
2024-12-19,LTRN,3.289999961853028,3.4800000190734863,3.0999999046325684,3.2100000381469727,55900,3.4334,3.4132,50.0,4.1534,2.7133,3.4334,0.0,-48.4751,51.5249,-0.3414,False,-49.5283,6.5955
2024-12-20,LTRN,3.1700000762939453,3.4100000858306885,3.0999999046325684,3.1449999809265137,39300,3.4431,3.4083,49.74,4.1405,2.7457,3.4431,-2.0249,-49.5185,50.4815,-0.6614,False,-50.5503,6.5776
2024-12-23,LTRN,3.200000047683716,3.200000047683716,3.009999990463257,3.0199999809265137,65900,3.4401,3.3991,47.15,4.1445,2.7357,3.4401,-3.9746,-51.5249,48.4751,-0.1442,False,-52.5157,6.182
2024-12-24,LTRN,3.039999961853028,3.1689999103546143,3.0199999809265137,3.125,39200,3.4399,3.3906,35.58,4.1447,2.735,3.4399,3.4768,-49.8395,50.1605,-0.6741,False,-50.8648,6.0362
2024-12-26,LTRN,3.0999999046325684,3.5299999713897705,3.049999952316284,3.5199999809265137,112400,3.4623,3.3902,50.4,4.1461,2.7784,3.4623,12.64,-43.4992,56.5008,0.7483,False,-44.6541,6.4683
2024-12-27,LTRN,3.5199999809265137,3.9700000286102295,3.309999942779541,3.4200000762939453,132600,3.4778,3.3886,36.85,4.1417,2.8138,3.4778,-2.8409,-45.1043,54.8957,1.0764,False,-46.2264,6.4854
2024-12-30,LTRN,3.4100000858306885,3.4100000858306885,3.069999933242798,3.2699999809265137,109800,3.4808,3.3862,29.15,4.1402,2.8213,3.4808,-4.386,-47.512,52.488,0.6095,False,-48.5849,6.5336
2024-12-31,LTRN,3.3499999046325684,3.359999895095825,2.950000047683716,3.190000057220459,123400,3.4823,3.3812,30.45,4.1387,2.8258,3.4823,-2.4465,-48.7961,51.2039,0.8276,False,-49.8428,6.5422
2025-01-02,LTRN,3.190000057220459,3.375,3.119999885559082,3.299999952316284,28800,3.4878,3.38,36.43,4.1357,2.8398,3.4878,3.4483,-47.0305,52.9695,-0.9471,False,-48.1132,6.2571
2025-01-03,LTRN,3.380000114440918,3.865000009536743,3.2790000438690186,3.740000009536743,71300,3.4833,3.387,52.48,4.1224,2.8441,3.4833,13.3333,-39.9679,60.0321,-0.1633,False,-41.195,6.6647
2025-01-06,LTRN,3.829999923706055,4.949999809265137,3.759999990463257,4.190000057220459,220000,3.5178,3.4034,64.99,4.2309,2.8046,3.5178,12.0321,-32.7448,67.2552,2.3029,True,-34.1195,6.8853
2025-01-07,LTRN,4.420000076293945,4.5,3.920000076293945,4.119999885559082,44300,3.5248,3.4168,61.48,4.2594,2.7901,3.5248,-1.6706,-33.8684,66.1316,-0.6609,False,-35.2201,6.9058
2025-01-08,LTRN,3.950000047683716,4.269999980926514,3.799999952316284,3.920000076293945,47300,3.5133,3.4284,59.76,4.2131,2.8134,3.5133,-4.8544,-37.0787,62.9213,-0.5742,False,-38.3648,6.9705
2025-01-10,LTRN,3.799999952316284,3.890000104904175,3.650000095367432,3.890000104904175,26900,3.5088,3.433,64.66,4.197,2.8205,3.5088,-0.7653,-37.5602,62.4398,-0.8626,False,-38.8365,6.9772
2025-01-13,LTRN,3.839999914169312,3.9700000286102295,3.650000095367432,3.740000009536743,21100,3.5038,3.438,60.73,4.1833,2.8242,3.5038,-3.856,-39.9679,60.0321,-0.9162,False,-41.195,7.0144
2025-01-14,LTRN,3.819999933242798,3.910000085830689,3.444999933242798,3.490000009536743,25700,3.4968,3.4426,56.5,4.1737,2.8198,3.4968,-6.6845,-43.9807,56.0193,-0.8419,False,-45.1258,7.1484
2025-01-15,LTRN,3.630000114440918,3.740000009536743,3.450000047683716,3.5299999713897705,24700,3.501,3.4507,59.92,4.1776,2.8244,3.501,1.1461,-43.3387,56.6613,-0.8701,False,-44.4969,7.1325
2025-01-16,LTRN,3.539999961853028,3.878000020980835,3.539999961853028,3.5999999046325684,22700,3.503,3.4565,59.37,4.1806,2.8254,3.503,1.983,-42.2151,57.7849,-0.897,False,-43.3962,7.1257
2025-01-17,LTRN,3.7200000286102295,3.890000104904175,3.4800000190734863,3.690000057220459,91500,3.516,3.4647,53.81,4.1977,2.8343,3.516,2.5,-40.7705,59.2295,0.2217,False,-41.9811,7.1334
2025-01-21,LTRN,3.809999942779541,4.099999904632568,3.799999952316284,4.070000171661377,45600,3.559,3.4807,62.95,4.2674,2.8506,3.559,10.2981,-34.6709,65.3291,-0.4967,False,-36.0063,6.4061
2025-01-22,LTRN,4.28000020980835,4.578000068664551,4.210000038146973,4.480000019073486,111600,3.6225,3.5041,71.84,4.4211,2.8239,3.6225,10.0737,-28.0899,71.9101,0.7213,False,-29.5597,6.4084
2025-01-23,LTRN,4.449999809265137,4.449999809265137,4.019999980926514,4.170000076293945,64200,3.6738,3.5191,66.33,4.4749,2.8726,3.6738,-6.9196,-33.0658,66.9342,-0.1469,False,-34.434,6.0984
2025-01-24,LTRN,4.230000019073486,6.118000030517578,4.170000076293945,5.400000095367432,1484000,3.7928,3.5503,75.49,4.8508,2.7347,3.7928,29.4964,-13.3226,86.6774,5.222,True,-15.0943,8.0783
2025-01-27,LTRN,5.21999979019165,5.21999979019165,4.150000095367432,4.590000152587891,473500,3.866,3.5719,59.47,4.9323,2.7997,3.866,-15.0,-26.3242,73.6758,1.279,False,-27.8302,8.5547
2025-01-28,LTRN,4.619999885559082,4.760000228881836,4.360000133514404,4.699999809265137,59400,3.925,3.5943,56.14,5.0401,2.8099,3.925,2.3965,-24.5586,75.4414,-0.2572,False,-26.1006,8.5197
2025-01-29,LTRN,4.599999904632568,4.929999828338623,4.46999979019165,4.550000190734863,87600,3.9815,3.6147,55.08,5.1034,2.8596,3.9815,-3.1915,-26.9663,73.0337,-0.1592,False,-28.4591,8.47
2025-01-30,LTRN,4.550000190734863,5.03000020980835,4.340000152587891,4.809999942779541,119800,4.0585,3.6411,60.37,5.1861,2.9309,4.0585,5.7143,-22.7929,77.2071,-0.0425,False,-24.3711,8.428
2025-01-31,LTRN,4.889999866485596,5.300000190734863,4.679999828338623,4.949999809265137,72500,4.1465,3.6693,62.05,5.2634,3.0296,4.1465,2.9106,-20.5457,79.4543,-0.2193,False,-22.1698,8.4251
2025-02-03,LTRN,4.920000076293945,4.920000076293945,4.599999904632568,4.670000076293945,44500,4.215,3.6995,60.26,5.2802,3.1498,4.215,-5.6566,-25.0401,74.9599,-0.3208,False,-26.5723,8.4746
2025-02-04,LTRN,4.639999866485596,5.039999961853027,4.627999782562256,4.800000190734863,52200,4.268,3.7339,64.85,5.3391,3.1969,4.268,2.7837,-22.9534,77.0466,-0.2908,False,-24.5283,8.3491
2025-02-05,LTRN,4.800000190734863,5.329999923706055,4.728000164031982,5.139999866485596,142900,4.3155,3.7779,67.09,5.4542,3.1768,4.3155,7.0833,-17.496,82.504,0.035,False,-19.1824,8.4004
2025-02-06,LTRN,5.25,5.699999809265137,5.179999828338623,5.300000190734863,98000,4.3745,3.8249,67.71,5.5902,3.1588,4.3745,3.1128,-14.9278,85.0722,-0.1394,False,-16.6667,8.3699
2025-02-07,LTRN,5.550000190734863,5.5879998207092285,5.0,5.070000171661377,64300,4.432,3.8647,63.97,5.6658,3.1982,4.432,-4.3396,-18.6196,81.3804,-0.2646,False,-20.283,8.3792
2025-02-10,LTRN,5.260000228881836,5.260000228881836,4.710000038146973,5.050000190734863,129000,4.49,3.9031,60.7,5.7256,3.2544,4.49,-0.3945,-18.9406,81.0594,-0.035,False,-20.5975,8.3865
2025-02-11,LTRN,5.059999942779541,5.079999923706055,4.699999809265137,4.760000228881836,50700,4.541,3.9369,53.14,5.7296,3.3524,4.541,-5.7426,-23.5955,76.4045,-0.3189,False,-25.1572,8.2475
2025-02-12,LTRN,4.659999847412109,5.0,4.599999904632568,4.809999942779541,79300,4.607,3.9709,57.62,5.6919,3.5221,4.607,1.0504,-22.7929,77.2071,-0.2056,False,-24.3711,8.2104
2025-02-13,LTRN,4.909999847412109,4.925000190734863,4.5,4.829999923706055,62200,4.672,4.0033,40.47,5.6341,3.7099,4.672,0.4158,-22.4719,77.5281,-0.2631,False,-24.0566,8.1392
2025-02-14,LTRN,4.800000190734863,5.059999942779541,4.800000190734863,5.010000228881836,76000,4.7425,4.0403,58.9,5.5712,3.9138,4.7425,3.7267,-19.5827,80.4173,-0.2057,False,-21.2264,8.1111
2025-02-18,LTRN,5.050000190734863,5.239999771118164,4.53000020980835,4.550000190734863,99400,4.7855,4.0675,47.23,5.459,4.112,4.7855,-9.1816,-26.9663,73.0337,-0.1278,False,-28.4591,8.3477
2025-02-19,LTRN,4.610000133514404,4.739999771118164,4.550000190734863,4.639999866485596,33200,4.814,4.0837,51.7,5.4029,4.2251,4.814,1.978,-25.5217,74.4783,-0.369,False,-27.044,8.0394
2025-02-20,LTRN,4.670000076293945,4.789999961853027,4.151999950408936,4.329999923706055,98100,4.8065,4.1003,41.11,5.4167,4.1963,4.8065,-6.681,-30.4976,69.5024,-0.1129,False,-31.9182,7.8795
2025-02-21,LTRN,4.369999885559082,4.599999904632568,4.25,4.329999923706055,70300,4.8145,4.1073,37.89,5.393,4.236,4.8145,0.0,-30.4976,69.5024,-0.2198,False,-31.9182,7.8703
2025-02-24,LTRN,4.369999885559082,4.459000110626221,4.0,4.130000114440918,70900,4.751,4.1069,39.11,5.3376,4.1644,4.751,-4.6189,-33.7079,66.2921,-0.2207,False,-35.0629,7.8649
2025-02-25,LTRN,4.099999904632568,4.341000080108643,3.7799999713897705,3.9700000286102295,64600,4.72,4.1067,33.47,5.4005,4.0395,4.72,-3.8741,-36.2761,63.7239,-0.2492,False,-37.5786,7.902
2025-02-26,LTRN,3.950000047683716,4.189000129699707,3.900000095367432,4.050000190734863,26600,4.6875,4.1109,25.78,5.4311,3.9439,4.6875,2.0151,-34.992,65.008,-0.392,False,-36.3208,7.8668
2025-02-27,LTRN,4.050000190734863,4.199999809265137,3.869999885559082,3.990000009536743,15300,4.6595,4.1181,19.53,5.4646,3.8544,4.6595,-1.4815,-35.9551,64.0449,-0.4327,False,-37.2642,7.7585
2025-02-28,LTRN,3.920000076293945,4.017000198364258,3.732000112533569,3.950000047683716,17900,4.6165,4.1282,21.43,5.4776,3.7554,4.6165,-1.0025,-36.5971,63.4029,-0.422,False,-37.8931,7.7643
2025-03-03,LTRN,3.839999914169312,3.990000009536743,3.5999999046325684,3.7100000381469727,57300,4.5545,4.1312,19.27,5.4899,3.6191,4.5545,-6.0759,-40.4494,59.5506,-0.2796,False,-41.6667,7.8554
2025-03-04,LTRN,3.640000104904175,4.0,3.5,3.890000104904175,66800,4.5155,4.1404,28.99,5.4946,3.5364,4.5155,4.8518,-37.5602,62.4398,-0.2409,False,-38.8365,7.889
2025-03-05,LTRN,3.950000047683716,3.990000009536743,3.799999952316284,3.890000104904175,25100,4.47,4.154,27.23,5.4776,3.4624,4.47,0.0,-37.5602,62.4398,-0.3938,False,-38.8365,7.667
2025-03-06,LTRN,3.7799999713897705,4.0,3.7799999713897705,3.890000104904175,34300,4.4075,4.1676,26.5,5.395,3.42,4.4075,0.0,-37.5602,62.4398,-0.3491,False,-38.8365,7.4328
2025-03-07,LTRN,3.799999952316284,3.910000085830689,3.559999942779541,3.660000085830689,27300,4.3255,4.1779,17.07,5.2725,3.3785,4.3255,-5.9126,-41.252,58.748,-0.37,False,-42.4528,7.4037
2025-03-10,LTRN,3.5999999046325684,3.759999990463257,3.430000066757202,3.490000009536743,43700,4.2465,4.1873,19.89,5.1956,3.2974,4.2465,-4.6448,-43.9807,56.0193,-0.4318,False,-45.1258,4.8762
2025-03-11,LTRN,3.490000009536743,3.5799999237060547,3.400000095367432,3.569999933242798,15700,4.1725,4.1962,19.43,5.088,3.257,4.1725,2.2923,-42.6966,57.3034,-1.4315,False,-43.8679,4.1757
2025-03-12,LTRN,3.650000095367432,3.839999914169312,3.634000062942505,3.839999914169312,28200,4.1265,4.2026,35.67,5.0096,3.2434,4.1265,7.563,-38.3628,61.6372,-1.0075,False,-39.6226,4.4099
2025-03-13,LTRN,3.7699999809265137,3.839999914169312,3.569000005722046,3.740000009536743,13600,4.073,4.209,33.7,4.9102,3.2358,4.073,-2.6042,-39.9679,60.0321,-1.3335,False,-41.195,4.3992
2025-03-14,LTRN,3.75,3.849999904632568,3.569999933242798,3.799999952316284,24300,4.0215,4.2196,40.12,4.7862,3.2568,4.0215,1.6043,-39.0048,60.9952,-0.9712,False,-40.2516,4.2589
2025-03-17,LTRN,3.7799999713897705,3.9590001106262207,3.670000076293945,3.930000066757202,42100,3.9675,4.2344,48.78,4.5746,3.3604,3.9675,3.4211,-36.9181,63.0819,-0.4095,False,-38.2075,4.2748
2025-03-18,LTRN,3.859999895095825,3.930000066757202,3.733000040054321,3.75,13200,3.9275,4.2434,41.38,4.4756,3.3794,3.9275,-4.5802,-39.8074,60.1926,-1.212,False,-41.0377,4.2359
2025-03-19,LTRN,3.759999990463257,3.849999904632568,3.7160000801086426,3.75,12800,3.883,4.2436,42.86,4.3209,3.4451,3.883,0.0,-39.8074,60.1926,-1.1568,False,-41.0377,4.1885
2025-03-20,LTRN,3.75,3.799000024795532,3.650000095367432,3.7200000286102295,16900,3.8525,4.2342,43.11,4.2416,3.4634,3.8525,-0.8,-40.2889,59.7111,-1.0299,False,-41.5094,3.9198
2025-03-21,LTRN,3.650000095367432,3.819999933242798,3.5799999237060547,3.819999933242798,28200,3.827,4.2282,53.59,4.1446,3.5094,3.827,2.6882,-38.6838,61.3162,-0.6191,False,-39.9371,3.9052
2025-03-24,LTRN,3.819999933242798,4.010000228881836,3.660000085830689,3.900000095367432,29200,3.8155,4.2278,50.35,4.1021,3.5289,3.8155,2.0942,-37.3997,62.6003,-0.5476,False,-38.6792,3.8928
2025-03-25,LTRN,3.839999914169312,3.997999906539917,3.799999952316284,3.849999904632568,16600,3.8095,4.227,48.65,4.0873,3.5317,3.8095,-1.2821,-38.2022,61.7978,-0.968,False,-39.4654,3.893
2025-03-26,LTRN,3.809999942779541,3.999000072479248,3.619999885559082,3.650000095367432,32800,3.7895,4.2252,42.86,4.0516,3.5274,3.7895,-5.1948,-41.4125,58.5875,-0.3277,False,-42.6101,3.8703
2025-03-27,LTRN,3.651999950408936,3.9700000286102295,3.650000095367432,3.7200000286102295,20100,3.776,4.2298,51.97,4.0219,3.5301,3.776,1.9178,-40.2889,59.7111,-0.7579,False,-41.5094,3.8879
2025-03-28,LTRN,3.7300000190734863,3.7300000190734863,3.5,3.549999952316284,44400,3.756,4.2302,51.97,4.0073,3.5047,3.756,-4.5699,-43.0177,56.9823,0.2214,False,-44.1824,3.9413
2025-03-31,LTRN,3.5,3.549999952316284,3.400000095367432,3.539999961853028,21700,3.7475,4.229,48.97,4.0163,3.4787,3.7475,-0.2817,-43.1782,56.8218,-0.6298,False,-44.3396,3.8442
2025-04-01,LTRN,3.5,3.609999895095825,3.309999942779541,3.309999942779541,59900,3.7185,4.2214,31.21,4.0421,3.3949,3.7185,-6.4972,-46.87,53.13,1.1116,False,-47.956,3.6766
2025-04-02,LTRN,3.3399999141693115,3.549999952316284,3.2799999713897705,3.4200000762939453,28000,3.695,4.2084,38.73,4.0341,3.3559,3.695,3.3233,-45.1043,54.8957,-0.3453,False,-46.2264,3.722
2025-04-03,LTRN,3.25,3.359999895095825,3.220999956130981,3.25,33200,3.663,4.1838,32.03,4.0429,3.2831,3.663,-4.9708,-47.8331,52.1669,-0.0091,False,-48.8994,3.6434
2025-04-04,LTRN,3.0999999046325684,3.25,2.9100000858306885,2.990000009536743,47400,3.6295,4.1602,21.69,4.1142,3.1448,3.6295,-8.0,-52.0064,47.9936,0.8613,False,-52.9874,3.8624
2025-04-07,LTRN,2.819999933242798,3.0299999713897705,2.799999952316284,2.809999942779541,64200,3.5955,4.1084,21.69,4.2016,2.9894,3.5955,-6.0201,-54.8957,45.1043,1.9052,False,-55.8176,3.9139
2025-04-08,LTRN,2.990000009536743,2.990000009536743,2.549999952316284,2.5799999237060547,74300,3.546,4.0682,19.05,4.3037,2.7883,3.546,-8.1851,-58.5875,41.4125,2.3871,True,-59.434,4.0906
2025-04-09,LTRN,2.619999885559082,3.0799999237060547,2.619999885559082,2.940000057220459,60700,3.501,4.033,32.43,4.2913,2.7107,3.501,13.9535,-52.809,47.191,1.483,False,-53.7736,4.9244
2025-04-10,LTRN,3.009999990463257,3.059999942779541,2.8399999141693115,3.039999961853028,29100,3.466,4.0028,32.43,4.2736,2.6584,3.466,3.4014,-51.2039,48.7961,-0.2922,False,-52.2013,4.9864
2025-04-11,LTRN,3.049999952316284,3.450000047683716,2.970000028610229,3.2100000381469727,104200,3.4365,3.9708,35.06,4.2358,2.6372,3.4365,5.5921,-48.4751,51.5249,3.1001,True,-49.5283,5.12
2025-04-14,LTRN,3.25,3.5799999237060547,3.130000114440918,3.5299999713897705,47600,3.4165,3.9424,43.8,4.1831,2.6499,3.4165,9.9688,-43.3387,56.6613,0.5027,False,-44.4969,5.3569
2025-04-15,LTRN,3.5899999141693115,3.920000076293945,3.440000057220459,3.5199999809265137,82500,3.405,3.9194,47.28,4.1573,2.6527,3.405,-0.2833,-43.4992,56.5008,2.0226,True,-44.6541,5.277
2025-04-16,LTRN,3.619999885559082,3.619999885559082,3.400000095367432,3.490000009536743,24900,3.392,3.8932,45.11,4.128,2.656,3.392,-0.8523,-43.9807,56.0193,-0.5589,False,-45.1258,5.2782
2025-04-17,LTRN,3.7100000381469727,3.7100000381469727,3.2699999809265137,3.4200000762939453,8100,3.377,3.8588,47.11,4.0969,2.6571,3.377,-2.0057,-45.1043,54.8957,-1.2378,False,-46.2264,5.2879
2025-04-21,LTRN,3.4100000858306885,3.4100000858306885,3.0,3.109999895095825,35600,3.3415,3.815,41.57,4.0391,2.6439,3.3415,-9.0643,-50.0803,49.9197,-0.0513,False,-51.1006,5.4326
2025-04-22,LTRN,3.140000104904175,3.5,3.069999933242798,3.450000047683716,22800,3.319,3.7826,52.63,3.9681,2.6699,3.319,10.9325,-44.6228,55.3772,-0.5778,False,-45.7547,5.7482
2025-04-23,LTRN,3.5899999141693115,3.930000066757202,3.5239999294281006,3.7300000190734863,51300,3.313,3.7562,55.48,3.9434,2.6826,3.313,8.1159,-40.1284,59.8716,0.6155,False,-41.3522,5.9199
2025-04-24,LTRN,3.75,3.75,3.5999999046325684,3.619999885559082,15100,3.3115,3.7334,56.68,3.9387,2.6843,3.3115,-2.9491,-41.8941,58.1059,-0.9402,False,-43.0818,5.7856
2025-04-25,LTRN,3.700000047683716,3.700000047683716,3.539999961853028,3.5899999141693115,27400,3.305,3.709,61.81,3.9169,2.6931,3.305,-0.8287,-42.3756,57.6244,-0.4343,False,-43.5535,5.7675
2025-04-28,LTRN,3.740000009536743,3.859999895095825,3.378000020980835,3.450000047683716,14100,3.3,3.6814,62.8,3.905,2.695,3.3,-3.8997,-44.6228,55.3772,-0.9916,False,-45.7547,5.8028
2025-04-29,LTRN,3.4200000762939453,3.5999999046325684,3.4200000762939453,3.490000009536743,5100,3.2975,3.651,69.7,3.8988,2.6962,3.2975,1.1594,-43.9807,56.0193,-1.2898,False,-45.1258,5.7693
2025-04-30,LTRN,3.539999961853028,3.619999885559082,3.3310000896453857,3.5199999809265137,23700,3.308,3.6304,64.65,3.9175,2.6985,3.308,0.8596,-43.4992,56.5008,-0.5268,False,-44.6541,5.7133
2025-05-01,LTRN,3.5799999237060547,3.670000076293945,3.4570000171661377,3.619999885559082,16600,3.318,3.61,64.65,3.9416,2.6944,3.318,2.8409,-41.8941,58.1059,-0.839,False,-43.0818,5.7377
2025-05-02,LTRN,3.609999895095825,3.6689999103546143,3.510999917984009,3.539999961853028,11000,3.3325,3.5942,58.73,3.9629,2.7021,3.3325,-2.2099,-43.1782,56.8218,-1.0617,False,-44.3396,5.7506
2025-05-05,LTRN,3.859999895095825,3.8989999294281006,3.6050000190734863,3.670000076293945,53700,3.3665,3.581,54.12,3.9924,2.7406,3.3665,3.6723,-41.0915,58.9085,0.711,False,-42.2956,5.7693
2025-05-06,LTRN,3.7300000190734863,3.868000030517578,3.549999952316284,3.809999942779541,44500,3.4165,3.5746,57.92,4.0144,2.8186,3.4165,3.8147,-38.8443,61.1557,0.3015,False,-40.0943,5.799
2025-05-07,LTRN,3.819999933242798,4.429999828338623,3.7170000076293945,4.340000152587891,150200,3.5045,3.582,68.24,4.1021,2.9069,3.5045,13.9108,-30.3371,69.6629,3.4882,True,-31.761,6.3162
2025-05-08,LTRN,4.349999904632568,4.434000015258789,3.839999914169312,3.859999895095825,45100,3.5505,3.5782,58.03,4.1052,2.9958,3.5505,-11.0599,-38.0417,61.9583,0.0929,False,-39.3082,6.5863
2025-05-09,LTRN,3.910000085830689,4.050000190734863,3.8519999980926514,3.9800000190734863,20500,3.5975,3.578,67.06,4.1289,3.0661,3.5975,3.1088,-36.1156,63.8844,-0.7005,False,-37.4214,6.5994
2025-05-12,LTRN,4.150000095367432,4.170000076293945,4.0,4.110000133514404,43500,3.6425,3.5812,64.1,4.188,3.097,3.6425,3.2663,-34.0289,65.9711,0.0419,False,-35.3774,6.5495
2025-05-13,LTRN,4.25,4.349999904632568,3.802999973297119,4.110000133514404,47800,3.6715,3.5892,59.22,4.2523,3.0907,3.6715,0.0,-34.0289,65.9711,0.1536,False,-35.3774,6.5482
2025-05-14,LTRN,4.360000133514404,4.460999965667725,4.059000015258789,4.059999942779541,32300,3.6985,3.5926,61.0,4.2995,3.0975,3.6985,-1.2165,-34.8315,65.1685,-0.321,False,-36.1635,6.4177
2025-05-15,LTRN,4.099999904632568,4.309999942779541,3.811000108718872,3.859999895095825,45600,3.717,3.592,56.22,4.3138,3.1202,3.717,-4.9261,-38.0417,61.9583,0.0937,False,-39.3082,6.4857
2025-05-16,LTRN,3.799999952316284,3.839999914169312,2.984999895095825,3.319999933242798,291100,3.712,3.5806,47.47,4.3208,3.1032,3.712,-13.9896,-46.7095,53.2905,4.3907,True,-47.7987,6.9457
2025-05-19,LTRN,3.150000095367432,3.7300000190734863,3.150000095367432,3.5850000381469727,115800,3.7357,3.5791,51.7,4.2792,3.1923,3.7357,7.9819,-42.4559,57.5441,1.1134,False,-43.6321,6.8997
2025-05-20,LTRN,3.670000076293945,3.670000076293945,3.319999933242798,3.4800000190734863,21100,3.7372,3.5789,49.3,4.2776,3.1969,3.7372,-2.9289,-44.1413,55.8587,-0.5537,False,-45.283,6.8163
2025-05-21,LTRN,3.4800000190734863,3.539999961853028,3.130000114440918,3.3399999141693115,110000,3.7177,3.5743,45.19,4.2866,3.1489,3.7177,-4.023,-46.3884,53.6116,0.9939,False,-47.4843,6.6649
2025-05-22,LTRN,3.289999961853028,3.440000057220459,3.240000009536743,3.3499999046325684,38700,3.7042,3.5645,46.65,4.2952,3.1133,3.7042,0.2994,-46.2279,53.7721,-0.2443,False,-47.327,6.2057
2025-05-23,LTRN,3.299999952316284,3.4200000762939453,3.186000108718872,3.289999961853028,30100,3.6892,3.5555,43.14,4.307,3.0715,3.6892,-1.791,-47.191,52.809,-0.3958,False,-48.2704,6.1979
2025-05-27,LTRN,3.2699999809265137,3.2699999809265137,2.869999885559082,2.900000095367432,120000,3.6617,3.5375,34.93,4.3671,2.9564,3.6617,-11.8541,-53.451,46.549,1.1604,False,-54.4025,6.5094
2025-05-28,LTRN,2.890000104904175,2.9800000190734863,2.8499999046325684,2.869999885559082,58000,3.6307,3.5163,20.83,4.4177,2.8438,3.6307,-1.0345,-53.9326,46.0674,0.0775,False,-54.8742,6.2245
2025-05-29,LTRN,2.900000095367432,3.2300000190734863,2.900000095367432,3.130000114440918,113900,3.6112,3.5039,34.13,4.4285,2.794,3.6112,9.0592,-49.7592,50.2408,1.0157,False,-50.7862,6.4647
2025-05-30,LTRN,3.0999999046325684,3.1470000743865967,2.970000028610229,3.049999952316284,37700,3.5827,3.4899,29.42,4.4376,2.7279,3.5827,-2.5559,-51.0433,48.9567,-0.2974,False,-52.044,6.4782
2025-06-02,LTRN,3.0799999237060547,3.220000028610229,3.049999952316284,3.190000057220459,34400,3.5653,3.4793,29.74,4.4379,2.6926,3.5653,4.5902,-48.7961,51.2039,-0.3726,False,-49.8428,6.5281
2025-06-03,LTRN,3.240000009536743,3.2799999713897705,3.190000057220459,3.220000028610229,47800,3.5428,3.4673,30.65,4.4272,2.6583,3.5428,0.9404,-48.3146,51.6854,-0.1476,False,-49.3711,6.3019
2025-06-04,LTRN,3.220000028610229,3.3499999046325684,3.200000047683716,3.3399999141693115,27700,3.5192,3.4561,34.81,4.3987,2.6398,3.5192,3.7267,-46.3884,53.6116,-0.5003,False,-47.4843,6.0138
2025-06-05,LTRN,3.3299999237060547,3.4820001125335693,3.2799999713897705,3.430000066757202,55100,3.4737,3.4477,40.49,4.2641,2.6834,3.4737,2.6946,-44.9438,55.0562,-0.0259,False,-46.0692,5.8427
2025-06-06,LTRN,3.2799999713897705,3.430000066757202,3.25,3.319999933242798,60800,3.4467,3.4411,50.0,4.2182,2.6753,3.4467,-3.207,-46.7095,53.2905,0.0472,False,-47.7987,5.8472
2025-06-09,LTRN,3.319999933242798,3.369999885559082,3.2699999809265137,3.369999885559082,17400,3.4162,3.4341,43.34,4.1461,2.6864,3.4162,1.506,-45.9069,54.0931,-0.7064,False,-47.0126,5.853
2025-06-10,LTRN,3.400000095367432,3.4130001068115234,3.299999952316284,3.369999885559082,35300,3.3792,3.4305,46.36,4.0319,2.7266,3.3792,0.0,-45.9069,54.0931,-0.4087,False,-47.0126,5.8075
2025-06-11,LTRN,3.4100000858306885,3.4210000038146973,3.2679998874664307,3.380000114440918,17600,3.3427,3.4273,51.45,3.8977,2.7878,3.3427,0.2967,-45.7464,54.2536,-0.7327,False,-46.8553,5.8041
2025-06-12,LTRN,3.325000047683716,3.5799999237060547,3.2100000381469727,3.2300000190734863,196500,3.3012,3.4257,46.05,3.7429,2.8596,3.3012,-4.4379,-48.1541,51.8459,2.152,True,-49.2138,5.8593
2025-06-13,LTRN,3.200000047683716,3.3289999961853027,3.049999952316284,3.049999952316284,127900,3.2607,3.4183,42.68,3.6292,2.8923,3.2607,-5.5728,-51.0433,48.9567,0.9661,False,-52.044,5.9139
2025-06-16,LTRN,3.0999999046325684,3.3299999237060547,3.0799999237060547,3.200000047683716,109100,3.2547,3.4173,60.71,3.623,2.8865,3.2547,4.918,-48.6356,51.3644,0.6134,False,-49.6855,5.9814
2025-06-17,LTRN,3.200000047683716,3.2699999809265137,3.109999895095825,3.150000095367432,27400,3.233,3.4205,59.86,3.5691,2.8969,3.233,-1.5625,-49.4382,50.5618,-0.7048,False,-50.4717,5.9419
2025-06-18,LTRN,3.2100000381469727,3.240000009536743,3.0899999141693115,3.180000066757202,32100,3.218,3.4279,52.1,3.5339,2.9021,3.218,0.9524,-48.9567,51.0433,-0.6194,False,-50.0,5.8958
2025-06-20,LTRN,3.1600000858306885,3.2300000190734863,3.0789999961853027,3.180000066757202,24300,3.21,3.4399,55.86,3.5209,2.8991,3.21,0.0,-48.9567,51.0433,-0.6929,False,-50.0,5.2395
2025-06-23,LTRN,3.0899999141693115,3.1619999408721924,3.010999917984009,3.069999933242798,39000,3.196,3.4425,44.44,3.5056,2.8864,3.196,-3.4591,-50.7223,49.2777,-0.4456,False,-51.7296,4.904
2025-06-24,LTRN,3.0999999046325684,3.220000028610229,3.0999999046325684,3.2100000381469727,27500,3.192,3.4459,49.58,3.4985,2.8855,3.192,4.5603,-48.4751,51.5249,-0.6414,False,-49.5283,4.9492
2025-06-25,LTRN,3.190000057220459,3.220000028610229,3.049999952316284,3.109999895095825,43300,3.2025,3.4439,40.17,3.4799,2.9251,3.2025,-3.1153,-50.0803,49.9197,-0.3793,False,-51.1006,4.9147
2025-06-26,LTRN,3.1700000762939453,3.190000057220459,3.059999942779541,3.140000104904175,39800,3.216,3.4361,36.94,3.4478,2.9842,3.216,0.9646,-49.5987,50.4013,-0.4321,False,-50.6289,4.9233
2025-06-27,LTRN,3.1700000762939453,3.2239999771118164,3.0510001182556152,3.190000057220459,40300,3.219,3.4295,43.81,3.4477,2.9903,3.219,1.5924,-48.7961,51.2039,-0.4293,False,-49.8428,4.9413
2025-06-30,LTRN,3.180000066757202,3.240000009536743,3.131999969482422,3.1600000858306885,17500,3.2245,3.4229,39.81,3.441,3.008,3.2245,-0.9404,-49.2777,50.7223,-0.7848,False,-50.3145,4.8763
2025-07-01,LTRN,3.140000104904175,3.309999942779541,3.0899999141693115,3.150000095367432,41100,3.2225,3.4175,39.42,3.4411,3.0039,3.2225,-0.3165,-49.4382,50.5618,-0.3636,False,-50.4717,4.1633
2025-07-02,LTRN,3.150000095367432,3.2799999713897705,3.140000104904175,3.180000066757202,45000,3.2205,3.4189,40.57,3.4399,3.0011,3.2205,0.9524,-48.9567,51.0433,-0.227,False,-50.0,3.8816
2025-07-03,LTRN,3.200000047683716,3.3399999141693115,3.200000047683716,3.25,22400,3.216,3.4149,51.02,3.4287,3.0033,3.216,2.2013,-47.8331,52.1669,-0.766,False,-48.8994,3.8759
2025-07-07,LTRN,3.25,3.358999967575073,3.150000095367432,3.150000095367432,332400,3.202,3.4033,55.56,3.3909,3.0131,3.202,-3.0769,-49.4382,50.5618,4.1406,True,-50.4717,3.8471
2025-07-08,LTRN,3.4600000381469727,3.7300000190734863,3.359999895095825,3.539999961853028,3505800,3.213,3.4017,64.91,3.4503,2.9757,3.213,12.3809,-43.1782,56.8218,5.2664,True,-44.3396,4.474
2025-07-09,LTRN,3.640000104904175,3.75,3.25,3.390000104904175,738400,3.214,3.3977,59.68,3.4542,2.9738,3.214,-4.2373,-45.5859,54.4141,0.8401,False,-46.6981,4.535
2025-07-10,LTRN,3.3299999237060547,3.640000104904175,3.2100000381469727,3.509999990463257,64700,3.221,3.3989,62.41,3.4871,2.9549,3.221,3.5398,-43.6597,56.3403,-0.2104,False,-44.8113,3.9584
2025-07-11,LTRN,3.450000047683716,3.740000009536743,3.2100000381469727,3.680000066757202,201700,3.236,3.4027,66.67,3.566,2.906,3.236,4.8433,-40.931,59.069,-0.0038,False,-42.1384,4.0141
2025-07-14,LTRN,3.630000114440918,4.170000076293945,3.5199999809265137,3.990000009536743,221600,3.274,3.4121,77.06,3.7457,2.8023,3.274,8.4239,-35.9551,64.0449,0.0217,False,-37.2642,3.971
2025-07-15,LTRN,3.990000009536743,4.4679999351501465,3.5450000762939453,3.759999990463257,370200,3.3095,3.4149,65.36,3.8158,2.8032,3.3095,-5.7644,-39.6469,60.3531,0.237,False,-40.8805,4.1078
2025-07-16,LTRN,3.759999990463257,4.199999809265137,3.759999990463257,3.990000009536743,159400,3.349,3.4239,72.92,3.9362,2.7618,3.349,6.117,-35.9551,64.0449,-0.0996,False,-37.2642,4.1657
2025-07-17,LTRN,3.990000009536743,4.429999828338623,3.961999893188477,4.28000020980835,151500,3.4055,3.4361,76.15,4.1165,2.6945,3.4055,7.2682,-31.3002,68.6998,-0.1176,False,-32.7044,4.3285
2025-07-18,LTRN,4.28000020980835,4.389999866485596,3.9600000381469727,3.990000009536743,173400,3.446,3.4397,66.53,4.1942,2.6978,3.446,-6.7757,-35.9551,64.0449,-0.091,False,-37.2642,4.5241
2025-07-21,LTRN,3.869999885559082,3.9800000190734863,3.549999952316284,3.7899999618530273,452900,3.4765,3.4287,62.16,4.2287,2.7243,3.4765,-5.0125,-39.1653,60.8347,0.3273,False,-40.4088,4.6241
2025-07-22,LTRN,3.829999923706055,4.039999961853027,3.799000024795532,4.03000020980835,72400,3.5245,3.4321,65.6,4.2899,2.7591,3.5245,6.3325,-35.313,64.687,-0.2711,False,-36.6352,4.6926
2025-07-23,LTRN,4.119999885559082,4.429999828338623,3.7300000190734863,4.230000019073486,3888600,3.5755,3.4371,67.56,4.3872,2.7638,3.5755,4.9628,-32.1027,67.8973,3.8258,True,-33.4906,4.7538
2025-07-24,LTRN,4.150000095367432,4.409999847412109,4.0,4.260000228881836,170800,3.633,3.4401,67.12,4.4685,2.7975,3.633,0.7092,-31.6212,68.3788,-0.2264,False,-33.0189,4.7511
2025-07-25,LTRN,4.159999847412109,4.340000152587891,4.099999904632568,4.235000133514404,87800,3.6878,3.4426,68.87,4.5307,2.8448,3.6878,-0.5869,-32.0225,67.9775,-0.3198,False,-33.4119,4.7576
2025-07-28,LTRN,4.260000228881836,4.284999847412109,3.8350000381469727,4.010000228881836,140500,3.7288,3.4416,58.67,4.5492,2.9083,3.7288,-5.3129,-35.634,64.366,-0.2601,False,-36.9497,4.7938
2025-07-29,LTRN,4.03000020980835,4.070000171661377,3.8310000896453857,3.869999885559082,53400,3.7643,3.4418,58.89,4.5414,2.9871,3.7643,-3.4913,-37.8812,62.1188,-0.3521,False,-39.1509,4.7122
2025-07-30,LTRN,4.0,4.090000152587891,3.829999923706055,4.010000228881836,78600,3.8073,3.4556,59.19,4.5349,3.0796,3.8073,3.6176,-35.634,64.366,-0.3234,False,-36.9497,4.6799
2025-07-31,LTRN,4.179999828338623,4.639999866485596,4.130000114440918,4.440000057220459,716200,3.8703,3.4727,62.75,4.5873,3.1532,3.8703,10.7232,-28.7319,71.2681,0.3463,False,-30.1887,4.9881
2025-08-01,LTRN,4.329999923706055,4.900000095367432,4.053999900817871,4.769999980926514,253300,3.9463,3.4985,63.0,4.7073,3.1852,3.9463,7.4324,-23.435,76.565,-0.1666,False,-25.0,5.1127
2025-08-04,LTRN,5.039999961853027,5.5,4.869999885559082,5.320000171661377,407600,4.0548,3.5381,73.49,4.9456,3.1639,4.0548,11.5304,-14.6067,85.3933,-0.012,False,-16.3522,5.4213
2025-08-05,LTRN,5.599999904632568,5.599999904632568,5.03000020980835,5.199999809265137,172100,4.1378,3.5751,68.85,5.1302,3.1453,4.1378,-2.2556,-16.5329,83.4671,-0.2754,False,-18.239,5.3849
2025-08-06,LTRN,5.5,5.74399995803833,5.019999980926514,5.139999866485596,270800,4.2253,3.6121,64.43,5.2482,3.2023,4.2253,-1.1538,-17.496,82.504,-0.1765,False,-19.1824,5.3889
2025-08-07,LTRN,5.150000095367432,5.281000137329102,4.849999904632568,4.989999771118164,242000,4.2993,3.6539,67.61,5.3184,3.2801,4.2993,-2.9183,-19.9037,80.0963,-0.216,False,-21.5409,5.3829
2025-08-08,LTRN,5.099999904632568,5.244999885559082,4.849999904632568,4.989999771118164,127300,4.3648,3.6963,72.73,5.3848,3.3447,4.3648,0.0,-19.9037,80.0963,-0.3462,False,-21.5409,5.3905
2025-08-11,LTRN,4.940000057220459,4.980000019073486,4.199999809265137,4.329999923706055,207000,4.3818,3.7203,54.9,5.3867,3.3768,4.3818,-13.2265,-30.4976,69.5024,-0.2649,False,-31.9182,6.0399
2025-08-12,LTRN,4.329999923706055,4.570000171661377,4.300000190734863,4.449999809265137,90200,4.4163,3.7483,53.69,5.3777,3.4548,4.4163,2.7714,-28.5714,71.4286,-0.3974,False,-30.0315,6.0325
2025-08-13,LTRN,4.5,4.861999988555908,4.460000038146973,4.760000228881836,58000,4.4548,3.7797,57.67,5.406,3.5035,4.4548,6.9663,-23.5955,76.4045,-0.4339,False,-25.1572,6.1103
2025-08-14,LTRN,4.519999980926514,4.599999904632568,4.0,4.570000171661377,162400,4.4693,3.8067,54.89,5.4181,3.5204,4.4693,-3.9916,-26.6453,73.3547,-0.323,False,-28.1447,6.1936
2025-08-15,LTRN,4.550000190734863,4.690000057220459,4.25,4.570000171661377,72000,4.4983,3.8313,58.75,5.4205,3.576,4.4983,0.0,-26.6453,73.3547,-0.4256,False,-28.1447,6.1968
2025-08-18,LTRN,4.559999942779541,4.75,4.420000076293945,4.440000057220459,65300,4.5308,3.8515,58.93,5.3917,3.6698,4.5308,-2.8446,-28.7319,71.2681,-0.422,False,-30.1887,6.1912
2025-08-19,LTRN,4.420000076293945,4.599999904632568,4.323999881744385,4.460000038146973,39100,4.5523,3.8743,57.33,5.3814,3.7231,4.5523,0.4505,-28.4109,71.5891,-0.4192,False,-29.8742,5.8299
2025-08-20,LTRN,4.409999847412109,4.510000228881836,4.105000019073486,4.46999979019165,63100,4.5643,3.8963,50.57,5.3807,3.7478,4.5643,0.2242,-28.2504,71.7496,-0.3537,False,-29.717,5.7497
2025-08-21,LTRN,4.360000133514404,4.559000015258789,4.190000057220459,4.190000057220459,51400,4.5608,3.9127,38.85,5.3832,3.7383,4.5608,-6.264,-32.7448,67.2552,-0.3699,False,-34.1195,5.8825
2025-08-22,LTRN,4.190000057220459,4.619999885559082,4.190000057220459,4.510000228881836,67800,4.5745,3.9353,32.91,5.3831,3.7659,4.5745,7.6372,-27.6083,72.3917,-0.3392,False,-29.088,5.9708
2025-08-25,LTRN,4.449999809265137,4.679999828338623,4.232999801635742,4.570000171661377,57900,4.6025,3.9621,36.36,5.3664,3.8386,4.6025,1.3304,-26.6453,73.3547,-0.3449,False,-28.1447,5.7986
2025-08-26,LTRN,4.559999942779541,4.692999839782715,4.25,4.389999866485596,105600,4.6285,3.9889,34.57,5.3193,3.9377,4.6285,-3.9387,-29.5345,70.4655,-0.2633,False,-30.9748,5.7386
2025-08-27,LTRN,4.440000057220459,4.5,4.0,4.050000190734863,147300,4.6305,4.0059,32.06,5.3139,3.9471,4.6305,-7.7449,-34.992,65.008,-0.2027,False,-36.3208,5.8426
2025-08-28,LTRN,4.070000171661377,4.260000228881836,4.019999980926514,4.059999942779541,54600,4.6115,4.0241,32.32,5.3371,3.8859,4.6115,0.2469,-34.8315,65.1685,-0.3309,False,-36.1635,5.6889
2025-08-29,LTRN,4.010000228881836,4.170000076293945,4.0,4.079999923706055,72900,4.577,4.0421,43.72,5.3357,3.8183,4.577,0.4926,-34.5104,65.4896,-0.2995,False,-35.8491,5.5442
2025-09-02,LTRN,4.110000133514404,4.28000020980835,3.950000047683716,4.03000020980835,66100,4.5125,4.0591,39.06,5.223,3.802,4.5125,-1.2255,-35.313,64.687,-0.2906,False,-36.6352,5.4634
2025-09-03,LTRN,4.0,4.349999904632568,3.961999893188477,4.289999961853027,143800,4.467,4.0835,37.43,5.105,3.829,4.467,6.4516,-31.1396,68.8604,-0.1828,False,-32.5472,5.4679
2025-09-04,LTRN,4.340000152587891,4.439000129699707,4.068999767303467,4.199999809265137,86900,4.42,4.1033,39.55,4.9834,3.8566,4.42,-2.0979,-32.5843,67.4157,-0.4209,False,-33.9623,5.4143
2025-09-05,LTRN,4.190000057220459,4.380000114440918,4.139999866485596,4.309999942779541,60700,4.386,4.1273,43.09,4.8827,3.8893,4.386,2.6191,-30.8186,69.1814,-0.5826,False,-32.2327,5.4327
2025-09-08,LTRN,4.380000114440918,4.449999809265137,4.039999961853027,4.059999942779541,62300,4.3395,4.1457,40.5,4.7675,3.9115,4.3395,-5.8005,-34.8315,65.1685,-0.5631,False,-36.1635,5.5405
2025-09-09,LTRN,4.070000171661377,4.170000076293945,3.839999914169312,4.050000190734863,74500,4.3255,4.1629,39.7,4.7727,3.8783,4.3255,-0.2463,-34.992,65.008,-0.4569,False,-36.3208,5.4492
2025-09-10,LTRN,4.03000020980835,4.260000228881836,3.740999937057495,3.9600000381469727,101500,4.301,4.1789,37.68,4.7725,3.8295,4.301,-2.2222,-36.4366,63.5634,-0.2747,False,-37.7358,5.4246
2025-09-11,LTRN,3.9700000286102295,4.048999786376953,3.880000114440918,3.930000066757202,52400,4.2595,4.1945,42.86,4.7064,3.8126,4.2595,-0.7576,-36.9181,63.0819,-0.6231,False,-38.2075,5.3888
2025-09-12,LTRN,3.930000066757202,3.947000026702881,3.809999942779541,3.829999923706055,56200,4.2225,4.2075,28.75,4.6834,3.7616,4.2225,-2.5445,-38.5233,61.4767,-0.706,False,-39.7799,5.0161
2025-09-15,LTRN,3.829999923706055,3.910000085830689,3.73799991607666,3.809999942779541,61100,4.1845,4.2187,25.64,4.6501,3.7189,4.1845,-0.5222,-38.8443,61.1557,-0.5979,False,-40.0943,4.7948
2025-09-16,LTRN,4.03000020980835,4.340000152587891,4.03000020980835,4.099999904632568,719200,4.1675,4.2377,41.32,4.6184,3.7166,4.1675,7.6115,-34.1894,65.8106,4.6874,True,-35.5346,4.4961
2025-09-17,LTRN,4.0,4.190000057220459,3.849999904632568,3.910000085830689,152600,4.14,4.2451,45.39,4.5828,3.6972,4.14,-4.6341,-37.2392,62.7608,0.2577,False,-38.522,4.544
2025-09-18,LTRN,3.900000095367432,4.139999866485596,3.890000104904175,4.070000171661377,61900,4.12,4.2587,50.3,4.5353,3.7047,4.12,4.0921,-34.6709,65.3291,-0.4081,False,-36.0063,4.6317
2025-09-19,LTRN,4.070000171661377,4.144000053405762,3.901000022888184,4.03000020980835,69800,4.112,4.2691,48.52,4.5278,3.6962,4.112,-0.9828,-35.313,64.687,-0.304,False,-36.6352,4.6128
2025-09-22,LTRN,4.010000228881836,4.269999980926514,4.010000228881836,4.159999847412109,72700,4.0945,4.2787,53.67,4.467,3.722,4.0945,3.2258,-33.2263,66.7737,-0.2653,False,-34.5912,4.6647
2025-09-23,LTRN,4.170000076293945,4.239999771118164,4.047999858856201,4.070000171661377,56300,4.0695,4.2803,43.13,4.3672,3.7718,4.0695,-2.1635,-34.6709,65.3291,-0.3618,False,-36.0063,4.0159
2025-09-24,LTRN,4.070000171661377,4.579999923706055,4.050000190734863,4.579999923706055,210500,4.079,4.2967,59.41,4.4276,3.7304,4.079,12.5307,-26.4848,73.5152,0.8646,False,-27.9874,4.6102
2025-09-25,LTRN,4.559999942779541,4.670000076293945,4.0,4.329999923706055,185200,4.093,4.3035,50.46,4.4587,3.7273,4.093,-5.4585,-30.4976,69.5024,0.6216,False,-31.9182,4.5386
2025-09-26,LTRN,4.309999942779541,4.659999847412109,4.198999881744385,4.454999923706055,107900,4.1128,4.307,59.71,4.5121,3.7134,4.1128,2.8868,-28.4912,71.5088,0.0104,False,-29.9528,4.515
2025-09-29,LTRN,4.460000038146973,4.599999904632568,4.389999866485596,4.539999961853027,85100,4.1358,4.318,61.61,4.5779,3.6936,4.1358,1.908,-27.1268,72.8732,-0.1786,False,-28.6164,4.5283
2025-09-30,LTRN,4.539999961853027,4.539999961853027,4.28000020980835,4.349999904632568,807400,4.1517,4.3292,58.82,4.6009,3.7026,4.1517,-4.185,-30.1766,69.8234,3.8162,True,-31.6038,4.5646
2025-10-01,LTRN,4.449999809265137,4.630000114440918,4.059999942779541,4.119999885559082,337400,4.1432,4.331,53.94,4.5878,3.6987,4.1432,-5.2874,-33.8684,66.1316,1.087,False,-35.2201,4.6655
2025-10-02,LTRN,4.119999885559082,4.190000057220459,4.0,4.019999980926514,197700,4.1342,4.3268,53.94,4.5812,3.6873,4.1342,-2.4272,-35.4735,64.5265,0.2865,False,-36.7925,4.683
2025-10-03,LTRN,4.039999961853027,4.179999828338623,3.891000032424927,4.110000133514404,233800,4.1243,4.3238,56.05,4.5635,3.685,4.1243,2.2388,-34.0289,65.9711,0.4542,False,-35.3774,4.5621
2025-10-06,LTRN,4.139999866485596,4.409999847412109,4.039999961853027,4.400000095367432,272000,4.1413,4.3271,56.05,4.5961,3.6864,4.1413,7.056,-29.374,70.626,0.6273,False,-30.8176,4.5299
2025-10-07,LTRN,4.429999828338623,4.550000190734863,4.321000099182129,4.550000190734863,187400,4.1663,4.3379,63.11,4.6538,3.6787,4.1663,3.4091,-26.9663,73.0337,0.1339,False,-28.4591,4.5664
2025-10-08,LTRN,4.670000076293945,4.703000068664551,4.409999847412109,4.590000152587891,127900,4.1978,4.3523,61.21,4.7099,3.6856,4.1978,0.8791,-26.3242,73.6758,-0.2028,False,-27.8302,4.5044
2025-10-09,LTRN,4.639999866485596,4.689000129699707,4.519999980926514,4.619999885559082,69400,4.2323,4.3645,62.77,4.7612,3.7033,4.2323,0.6536,-25.8427,74.1573,-0.5131,False,-27.3585,4.2441
2025-10-10,LTRN,4.679999828338623,4.679999828338623,4.269999980926514,4.340000152587891,102900,4.2578,4.3625,53.66,4.7531,3.7624,4.2578,-6.0606,-30.3371,69.6629,-0.3371,False,-31.761,4.4113
2025-10-13,LTRN,4.429999828338623,4.526000022888184,4.300000190734863,4.409999847412109,89000,4.2878,4.3553,56.97,4.7397,3.8358,4.2878,1.6129,-29.2135,70.7865,-0.4184,False,-30.6604,4.4176
2025-10-14,LTRN,4.400000095367432,4.449999809265137,4.071000099182129,4.369999885559082,70300,4.3013,4.3363,44.67,4.7457,3.8568,4.3013,-0.907,-29.8555,70.1445,-0.5241,False,-31.2893,4.4141
2025-10-15,LTRN,4.349999904632568,4.489999771118164,4.289999961853027,4.420000076293945,65800,4.3268,4.3207,52.54,4.7336,3.9199,4.3268,1.1442,-29.053,70.947,-0.5322,False,-30.5031,4.2655
2025-10-16,LTRN,4.449999809265137,4.579999923706055,4.210000038146973,4.320000171661377,85400,4.3393,4.3043,46.13,4.7279,3.9506,4.3393,-2.2624,-30.6581,69.3419,-0.4226,False,-32.0755,4.2686
2025-10-17,LTRN,4.210000038146973,4.2729997634887695,3.890000104904175,3.9700000286102295,211800,4.3363,4.2839,35.82,4.7357,3.9368,4.3363,-8.1019,-36.2761,63.7239,0.255,False,-37.5786,4.4999
2025-10-20,LTRN,4.03000020980835,4.21999979019165,3.950000047683716,4.114999771118164,91700,4.334,4.2664,44.02,4.7381,3.9299,4.334,3.6524,-33.9486,66.0514,-0.4241,False,-35.2987,4.4229
2025-10-21,LTRN,4.059999942779541,4.119999885559082,3.930000066757202,3.974999904632568,101200,4.3292,4.2593,46.13,4.7484,3.9101,4.3292,-3.4022,-36.1958,63.8042,-0.3766,False,-37.5,4.4696
2025-10-22,LTRN,4.110000133514404,4.340000152587891,3.799999952316284,3.890000104904175,127300,4.2947,4.2481,46.51,4.7398,3.8497,4.2947,-2.1384,-37.5602,62.4398,-0.2349,False,-38.8365,4.4682
2025-10-23,LTRN,3.880000114440918,3.954999923706055,3.700000047683716,3.700000047683716,80300,4.2633,4.2269,39.54,4.781,3.7455,4.2633,-4.8843,-40.61,59.39,-0.5067,False,-41.8239,4.5561
2025-10-24,LTRN,3.880000114440918,4.199999809265137,3.7699999809265137,4.079999923706055,124000,4.2445,4.2171,42.2,4.7602,3.7288,4.2445,10.2703,-34.5104,65.4896,-0.274,False,-35.8491,4.9065
2025-10-27,LTRN,4.190000057220459,4.28000020980835,3.908999919891357,4.050000190734863,423500,4.22,4.2067,37.05,4.7229,3.7171,4.22,-0.7353,-34.992,65.008,1.3271,False,-36.3208,4.9079
2025-10-28,LTRN,4.03000020980835,4.110000133514404,3.799999952316284,3.9800000190734863,290200,4.2015,4.1975,34.44,4.7115,3.6915,4.2015,-1.7284,-36.1156,63.8844,0.7963,False,-37.4214,4.722
2025-10-29,LTRN,3.900000095367432,3.950000047683716,3.75,3.819999933242798,117200,4.1865,4.1847,30.86,4.7235,3.6495,4.1865,-4.0201,-38.6838,61.3162,-0.3408,False,-39.9371,4.7025
2025-10-30,LTRN,3.809999942779541,4.070000171661377,3.805999994277954,3.9700000286102295,78900,4.184,4.1747,40.56,4.7247,3.6433,4.184,3.9267,-36.2761,63.7239,-0.5992,False,-37.5786,4.6976
2025-10-31,LTRN,3.930000066757202,4.090000152587891,3.849999904632568,4.010000228881836,32300,4.179,4.1711,39.64,4.7244,3.6336,4.179,1.0076,-35.634,64.366,-0.8938,False,-36.9497,4.697
2025-11-03,LTRN,3.9600000381469727,4.0,3.799999952316284,3.819999933242798,54400,4.15,4.1573,36.78,4.7075,3.5925,4.15,-4.7382,-38.6838,61.3162,-0.7422,False,-39.9371,4.7384
2025-11-04,LTRN,3.75,3.9049999713897705,3.549999952316284,3.630000114440918,93700,4.104,4.1385,32.21,4.6742,3.5338,4.104,-4.9738,-41.7335,58.2665,-0.495,False,-42.9245,4.8063
2025-11-05,LTRN,3.5899999141693115,3.700000047683716,3.5299999713897705,3.549999952316284,88000,4.052,4.1217,32.5,4.6253,3.4787,4.052,-2.2039,-43.0177,56.9823,-0.504,False,-44.1824,4.1628
2025-11-06,LTRN,3.5299999713897705,3.5799999237060547,3.359999895095825,3.359999895095825,96500,3.989,4.1079,35.05,4.5762,3.4018,3.989,-5.3521,-46.0674,53.9326,-0.4274,False,-47.1698,4.1587
2025-11-07,LTRN,3.259999990463257,3.509999990463257,3.0199999809265137,3.4200000762939453,93500,3.943,4.0951,32.23,4.5579,3.3281,3.943,1.7857,-45.1043,54.8957,-0.4434,False,-46.2264,4.1302
2025-11-10,LTRN,3.660000085830689,3.690000057220459,3.5,3.549999952316284,71900,3.9,4.0845,39.07,4.4975,3.3025,3.9,3.8012,-43.0177,56.9823,-0.581,False,-44.1824,4.187
2025-11-11,LTRN,3.509999990463257,3.5999999046325684,3.4200000762939453,3.539999961853028,28200,3.8585,4.0747,40.64,4.4334,3.2836,3.8585,-0.2817,-43.1782,56.8218,-1.1311,False,-44.3396,4.1363
2025-11-12,LTRN,3.549999952316284,3.5999999046325684,3.450000047683716,3.4800000190734863,62700,3.8115,4.0585,43.68,4.3453,3.2777,3.8115,-1.6949,-44.1413,55.8587,-0.7239,False,-45.283,4.0471
2025-11-13,LTRN,3.5799999237060547,3.700000047683716,3.400000095367432,3.4600000381469727,59100,3.7685,4.0437,27.54,4.2673,3.2697,3.7685,-0.5747,-44.4623,55.5377,-0.7145,False,-45.5975,4.0305
2025-11-14,LTRN,3.369999885559082,3.5299999713897705,3.359999895095825,3.380000114440918,34200,3.739,4.0251,26.57,4.257,3.221,3.739,-2.3121,-45.7464,54.2536,-0.9392,False,-46.8553,4.0125
2025-11-17,LTRN,3.440000057220459,3.549999952316284,3.200000047683716,3.359999895095825,58400,3.7013,4.0111,27.54,4.2139,3.1886,3.7013,-0.5917,-46.0674,53.9326,-0.6066,False,-47.1698,3.7452
2025-11-18,LTRN,3.2799999713897705,3.38700008392334,3.157999992370605,3.2100000381469727,40600,3.663,3.9943,27.74,4.2031,3.1229,3.663,-4.4643,-48.4751,51.5249,-0.7724,False,-49.5283,3.7138
2025-11-19,LTRN,3.2100000381469727,3.4100000858306885,3.1589999198913574,3.2699999809265137,58700,3.632,3.9805,22.66,4.1881,3.0759,3.632,1.8692,-47.512,52.488,-0.5156,False,-48.5849,3.7362
2025-11-20,LTRN,3.2300000190734863,3.4189999103546143,3.0,3.0,67900,3.597,3.9619,16.56,4.2193,2.9747,3.597,-8.2569,-51.8459,48.1541,-0.4001,False,-52.8302,3.944
2025-11-21,LTRN,3.0,3.2320001125335693,2.859999895095825,3.0199999809265137,85300,3.544,3.9457,20.15,4.1736,2.9144,3.544,0.6667,-51.5249,48.4751,-0.1757,False,-52.5157,3.8574
2025-11-24,LTRN,3.289999961853028,3.490000009536743,3.220000028610229,3.369999885559082,164900,3.51,3.9369,41.33,4.0965,2.9235,3.51,11.5894,-45.9069,54.0931,0.7766,False,-47.0126,4.4816
2025-11-25,LTRN,3.4600000381469727,3.839999914169312,3.430000066757202,3.829999923706055,108100,3.5025,3.9315,57.45,4.0671,2.9379,3.5025,13.6499,-38.5233,61.4767,0.0607,False,-39.7799,5.1998
2025-11-26,LTRN,3.930000066757202,3.930000066757202,3.6649999618530273,3.799999952316284,75900,3.5015,3.9293,62.79,4.0638,2.9392,3.5015,-0.7833,-39.0048,60.9952,-0.3422,False,-40.2516,5.193
2025-11-28,LTRN,3.819999933242798,3.869999885559082,3.6050000190734863,3.619999885559082,54400,3.484,3.9203,55.43,4.0052,2.9628,3.484,-4.7368,-41.8941,58.1059,-0.5925,False,-43.0818,5.2434
2025-12-01,LTRN,3.5799999237060547,3.642999887466431,3.450000047683716,3.509999990463257,22600,3.459,3.9099,48.9,3.9183,2.9997,3.459,-3.0387,-43.6597,56.3403,-0.9231,False,-44.8113,5.0675
2025-12-02,LTRN,3.5199999809265137,3.7190001010894775,3.4210000038146973,3.470000028610229,35300,3.4415,3.8961,48.11,3.8684,3.0146,3.4415,-1.1396,-44.3018,55.6982,-0.7331,False,-45.4403,5.0142
2025-12-03,LTRN,3.4800000190734863,3.609999895095825,3.3399999141693115,3.539999961853028,279800,3.437,3.8855,51.61,3.8574,3.0166,3.437,2.0173,-43.1782,56.8218,2.0559,True,-44.3396,5.0017
2025-12-04,LTRN,3.609999895095825,3.7699999809265137,3.5299999713897705,3.7699999809265137,46600,3.448,3.8693,57.49,3.8917,3.0043,3.448,6.4972,-39.4864,60.5136,-0.5811,False,-40.7233,5.1371
2025-12-05,LTRN,3.799999952316284,3.900000095367432,3.615000009536743,3.75,70600,3.4675,3.8577,59.2,3.9288,3.0062,3.4675,-0.5305,-39.8074,60.1926,-0.3035,False,-41.0377,5.0546
2025-12-08,LTRN,3.7899999618530273,3.9800000190734863,3.5179998874664307,3.849999904632568,51100,3.489,3.8456,61.72,3.9801,2.9979,3.489,2.6667,-38.2022,61.7978,-0.4966,False,-39.4654,4.7092
2025-12-09,LTRN,3.869999885559082,4.0,3.819999933242798,3.880000114440918,53400,3.5055,3.8324,67.01,4.0265,2.9845,3.5055,0.7792,-37.7207,62.2793,-0.4641,False,-38.9937,4.7102
2025-12-10,LTRN,3.849999904632568,3.900000095367432,3.7179999351501465,3.819999933242798,47900,3.5195,3.8218,63.96,4.0591,2.9799,3.5195,-1.5464,-38.6838,61.3162,-0.5396,False,-39.9371,4.7081
2025-12-11,LTRN,3.839999914169312,3.9800000190734863,3.7200000286102295,3.740000009536743,52500,3.5325,3.8142,70.79,4.0806,2.9844,3.5325,-2.0942,-39.9679,60.0321,-0.4064,False,-41.195,4.6647
2025-12-12,LTRN,3.740000009536743,3.7799999713897705,3.5899999141693115,3.5999999046325684,25600,3.5395,3.8058,65.26,4.0873,2.9917,3.5395,-3.7433,-42.2151,57.7849,-0.9099,False,-43.3962,4.6541
2025-12-15,LTRN,3.609999895095825,3.670000076293945,3.3299999237060547,3.369999885559082,70700,3.539,3.791,50.0,4.0874,2.9906,3.539,-6.3889,-45.9069,54.0931,-0.0215,False,-47.0126,4.7807
2025-12-16,LTRN,3.319999933242798,3.4100000858306885,3.25,3.3299999237060547,70700,3.5375,3.7696,31.62,4.0881,2.9869,3.5375,-1.1869,-46.549,53.451,-0.0327,False,-47.6415,4.715
2025-12-17,LTRN,3.299999952316284,3.490000009536743,3.190000057220459,3.190000057220459,61100,3.5365,3.7424,29.25,4.0897,2.9833,3.5365,-4.2042,-48.7961,51.2039,-0.2082,False,-49.8428,4.691
2025-12-18,LTRN,3.200000047683716,3.470000028610229,3.200000047683716,3.240000009536743,53700,3.535,3.7154,35.82,4.0914,2.9786,3.535,1.5674,-47.9936,52.0064,-0.3371,False,-49.0566,4.6895
2025-12-19,LTRN,3.259999990463257,3.4719998836517334,3.25,3.259999990463257,40100,3.548,3.6882,40.0,4.0623,3.0337,3.548,0.6173,-47.6726,52.3274,-0.5782,False,-48.7421,4.5889
2025-12-22,LTRN,3.299999952316284,3.677000045776367,3.275000095367432,3.5999999046325684,71100,3.577,3.6734,54.19,4.0274,3.1266,3.577,10.4294,-42.2151,57.7849,0.0758,False,-43.3962,4.9613
2025-12-23,LTRN,3.559999942779541,3.680000066757202,3.5,3.5,34900,3.5835,3.6552,48.73,4.025,3.142,3.5835,-2.7778,-43.8202,56.1798,-0.6429,False,-44.9686,4.9459
2025-12-24,LTRN,3.5,3.556999921798706,3.3399999141693115,3.3399999141693115,27800,3.559,3.6346,35.76,3.9973,3.1207,3.559,-4.5714,-46.3884,53.6116,-0.7883,False,-47.4843,5.0178
2025-12-26,LTRN,3.319999933242798,3.5,3.319999933242798,3.4800000190734863,49700,3.543,3.6158,41.72,3.9674,3.1186,3.543,4.1916,-44.1413,55.8587,-0.3291,False,-45.283,5.0672
2025-12-29,LTRN,3.470000028610229,3.509999990463257,3.380000114440918,3.4100000858306885,55500,3.5325,3.5976,36.25,3.9592,3.1058,3.5325,-2.0115,-45.2648,54.7352,-0.2077,False,-46.3836,5.0808
2025-12-30,LTRN,3.369999885559082,3.509999990463257,3.039999961853028,3.059999942779541,106900,3.51,3.5794,28.65,3.9863,3.0337,3.51,-10.2639,-50.8828,49.1172,0.7926,False,-51.8868,5.4064
2025-12-31,LTRN,3.0999999046325684,3.150000095367432,2.9570000171661377,3.0299999713897705,84900,3.488,3.5577,29.1,4.0105,2.9655,3.488,-0.9804,-51.3644,48.6356,0.3252,False,-52.3585,5.4079
2026-01-02,LTRN,3.009999990463257,3.109999895095825,2.900000095367432,3.109999895095825,100200,3.4665,3.5404,33.33,4.0147,2.9183,3.4665,2.6403,-50.0803,49.9197,0.5964,False,-51.1006,5.3704
2026-01-05,LTRN,3.1700000762939453,3.2799999713897705,3.109999895095825,3.25,59200,3.4405,3.5276,40.74,3.9773,2.9037,3.4405,4.5016,-47.8331,52.1669,-0.2393,False,-48.8994,5.4227
2026-01-06,LTRN,3.289999961853028,3.559999942779541,3.2300000190734863,3.450000047683716,62300,3.4255,3.5226,52.15,3.9423,2.9087,3.4255,6.1538,-44.6228,55.3772,-0.1723,False,-45.7547,5.2919
2026-01-07,LTRN,3.4600000381469727,3.4600000381469727,3.309999942779541,3.4100000858306885,46900,3.4035,3.5092,52.15,3.8801,2.9269,3.4035,-1.1594,-45.2648,54.7352,-0.4589,False,-46.3836,5.3016
2026-01-08,LTRN,3.369999885559082,3.5299999713897705,3.309000015258789,3.390000104904175,14600,3.379,3.496,55.75,3.7996,2.9584,3.379,-0.5865,-45.5859,54.4141,-1.0668,False,-46.6981,4.8753
2026-01-09,LTRN,3.369999885559082,3.5999999046325684,3.3499999046325684,3.490000009536743,53000,3.3625,3.4862,56.98,3.7332,2.9918,3.3625,2.9498,-43.9807,56.0193,-0.2092,False,-45.1258,4.1964
2026-01-12,LTRN,3.4600000381469727,3.4760000705718994,3.299999952316284,3.359999895095825,52200,3.3435,3.477,52.63,3.6689,3.0181,3.3435,-3.7249,-46.0674,53.9326,-0.2095,False,-47.1698,4.244
2026-01-13,LTRN,3.400000095367432,3.4049999713897705,3.2230000495910645,3.259999990463257,30100,3.3265,3.4628,39.76,3.6303,3.0227,3.3265,-2.9762,-47.6726,52.3274,-0.6671,False,-48.7421,4.1927
2026-01-14,LTRN,3.3499999046325684,3.549999952316284,3.3299999237060547,3.539999961853028,52400,3.335,3.4534,51.09,3.6531,3.0169,3.335,8.589,-43.1782,56.8218,-0.21,False,-44.3396,4.4565
2026-01-15,LTRN,3.539999961853028,3.559999942779541,3.440000057220459,3.509999990463257,13500,3.344,3.4472,54.97,3.6715,3.0165,3.344,-0.8475,-43.6597,56.3403,-1.0293,False,-44.8113,4.454
2026-01-16,LTRN,3.5199999809265137,3.5199999809265137,3.359999895095825,3.4200000762939453,46200,3.3555,3.443,48.19,3.6763,3.0347,3.3555,-2.5641,-45.1043,54.8957,-0.3427,False,-46.2264,4.4657
2026-01-20,LTRN,3.380000114440918,3.5899999141693115,3.3299999237060547,3.5899999141693115,126400,3.373,3.4438,55.11,3.7053,3.0407,3.373,4.9708,-42.3756,57.6244,2.7985,True,-43.5535,4.3971
2026-01-21,LTRN,3.5899999141693115,3.5899999141693115,3.319999933242798,3.390000104904175,60100,3.3795,3.4444,60.25,3.7075,3.0515,3.3795,-5.571,-45.5859,54.4141,0.1713,False,-46.6981,4.5101
2026-01-22,LTRN,3.430000066757202,3.569999933242798,3.390000104904175,3.5299999713897705,47000,3.376,3.4466,64.53,3.6955,3.0565,3.376,4.1298,-43.3387,56.6613,-0.3475,False,-44.4969,4.5503
2026-01-23,LTRN,3.5299999713897705,3.58899998664856,3.4100000858306885,3.4600000381469727,22600,3.374,3.4448,60.23,3.6907,3.0573,3.374,-1.983,-44.4623,55.5377,-1.2467,False,-45.5975,4.558
2026-01-26,LTRN,3.4600000381469727,3.4749999046325684,3.299999952316284,3.359999895095825,43700,3.375,3.4412,53.29,3.6914,3.0586,3.375,-2.8902,-46.0674,53.9326,-0.4199,False,-47.1698,4.5774
2026-01-27,LTRN,3.3299999237060547,3.375999927520752,3.1600000858306885,3.309999942779541,78700,3.3665,3.4378,45.39,3.6801,3.0529,3.3665,-1.4881,-46.87,53.13,0.8917,False,-47.956,4.5707
2026-01-28,LTRN,3.2799999713897705,3.2799999713897705,3.0999999046325684,3.1700000762939453,37800,3.3545,3.432,42.59,3.6793,3.0297,3.3545,-4.2296,-49.1172,50.8828,-0.6991,False,-50.1572,4.5841
2026-01-29,LTRN,3.109999895095825,3.200000047683716,2.9600000381469727,3.109999895095825,75700,3.357,3.4266,41.57,3.6729,3.0411,3.357,-1.8928,-50.0803,49.9197,0.763,False,-51.1006,4.4505
2026-01-30,LTRN,3.119999885559082,3.2660000324249268,2.9600000381469727,3.150000095367432,93900,3.363,3.4224,39.38,3.6565,3.0695,3.363,1.2862,-49.4382,50.5618,1.3941,False,-50.4717,4.454
2026-02-02,LTRN,3.109999895095825,3.1700000762939453,3.0,3.059999942779541,27700,3.3605,3.4194,40.38,3.6638,3.0572,3.3605,-2.8571,-50.8828,49.1172,-1.0283,False,-51.8868,4.4177
2026-02-03,LTRN,3.0999999046325684,3.197999954223633,2.934999942779541,3.059999942779541,69400,3.351,3.4152,43.15,3.6797,3.0223,3.351,0.0,-50.8828,49.1172,0.4859,False,-51.8868,4.4072
2026-02-04,LTRN,3.0899999141693115,3.0999999046325684,2.8949999809265137,2.950000047683716,50600,3.326,3.4142,27.13,3.6964,2.9556,3.326,-3.5948,-52.6485,47.3515,-0.2175,False,-53.6164,4.4506
2026-02-05,LTRN,2.809999942779541,2.858999967575073,2.5299999713897705,2.559999942779541,118200,3.2835,3.405,21.21,3.7851,2.7819,3.2835,-13.2203,-58.9085,41.0915,2.0538,True,-59.7484,4.5884
2026-02-06,LTRN,2.5899999141693115,2.671999931335449,2.575000047683716,2.640000104904175,45500,3.246,3.3904,26.22,3.8209,2.6711,3.246,3.125,-57.6244,42.3756,-0.4448,False,-58.4906,4.637
2026-02-09,LTRN,2.640000104904175,2.7939999103546143,2.609999895095825,2.7100000381469727,19800,3.207,3.368,21.43,3.817,2.597,3.207,2.6515,-56.5008,43.4992,-1.3057,False,-57.3899,4.6235
2026-02-10,LTRN,2.799999952316284,2.9800000190734863,2.7100000381469727,2.9100000858306885,49800,3.1845,3.3502,34.42,3.8038,2.5652,3.1845,7.3801,-53.2905,46.7095,-0.2846,False,-54.2453,4.7714
2026-02-11,LTRN,2.930000066757202,2.9549999237060547,2.75,2.8499999046325684,25300,3.164,3.3348,26.71,3.7997,2.5283,3.164,-2.0619,-54.2536,45.7464,-1.0624,False,-55.1887,4.772
2026-02-12,LTRN,2.809999942779541,2.880000114440918,2.630000114440918,2.690000057220459,35100,3.1215,3.3184,25.16,3.765,2.478,3.1215,-5.614,-56.8218,43.1782,-0.6847,False,-57.7044,4.5118
2026-02-13,LTRN,2.7300000190734863,2.7699999809265137,2.615000009536743,2.700000047683716,30700,3.081,3.303,27.4,3.7235,2.4385,3.081,0.3717,-56.6613,43.3387,-0.7821,False,-57.5472,4.5118
2026-02-17,LTRN,2.700000047683716,2.8299999237060547,2.634999990463257,2.739000082015991,22800,3.047,3.287,30.3,3.686,2.4079,3.047,1.4444,-56.0353,43.9647,-1.0021,False,-56.934,4.4903
2026-02-18,LTRN,2.7799999713897705,2.882999897003174,2.75,2.799999952316284,19200,3.0075,3.2676,36.5,3.6012,2.4137,3.0075,2.2271,-55.0562,44.9438,-1.0643,False,-55.9748,4.4247
2026-02-19,LTRN,2.7699999809265137,2.8399999141693115,2.609999895095825,2.7699999809265137,35400,2.9765,3.248,37.31,3.5505,2.4024,2.9765,-1.0714,-55.5377,44.4623,-0.4546,False,-56.4465,4.2489
2026-02-20,LTRN,2.740000009536743,2.740000009536743,2.559999942779541,2.609999895095825,61700,2.9304,3.2232,31.51,3.4637,2.3972,2.9304,-5.7762,-58.1059,41.8941,0.4643,False,-58.9623,4.3507
2026-02-23,LTRN,2.549999952316284,2.7300000190734863,2.450000047683716,2.559999942779541,69500,2.8854,3.1968,32.39,3.3812,2.3897,2.8854,-1.9157,-58.9085,41.0915,0.6889,False,-59.7484,4.3553
2026-02-24,LTRN,2.549999952316284,2.5999999046325684,2.5199999809265137,2.569999933242798,19200,2.8459,3.1718,32.87,3.3071,2.3848,2.8459,0.3906,-58.748,41.252,-1.0686,False,-59.5912,4.3033
2026-02-25,LTRN,2.4800000190734863,3.0899999141693115,2.4800000190734863,2.869999885559082,219900,2.8239,3.1544,47.53,3.2307,2.4172,2.8239,11.6732,-53.9326,46.0674,3.9256,True,-54.8742,4.8422
2026-02-26,LTRN,2.8399999141693115,3.0,2.759999990463257,2.8399999141693115,133600,2.8074,3.1392,61.11,3.1805,2.4344,2.8074,-1.0453,-54.4141,45.5859,1.7052,False,-55.3459,4.8197
2026-02-27,LTRN,2.7799999713897705,2.970000028610229,2.75,2.819999933242798,73800,2.7929,3.1282,57.5,3.1379,2.448,2.7929,-0.7042,-54.7352,45.2648,0.3328,False,-55.6604,4.5146
2026-03-02,LTRN,2.789999961853028,2.828000068664551,2.651000022888184,2.680000066757202,39100,2.7694,3.1152,48.82,3.0737,2.4652,2.7694,-4.9645,-56.9823,43.0177,-0.4791,False,-57.8616,4.5827
2026-03-03,LTRN,2.630000114440918,2.7699999809265137,2.549999952316284,2.7100000381469727,29700,2.7519,3.1056,40.91,3.0244,2.4795,2.7519,1.1194,-56.5008,43.4992,-0.678,False,-57.3899,4.583
2026-03-04,LTRN,2.75,2.8499999046325684,2.700000047683716,2.819999933242798,17500,2.7399,3.0972,48.7,2.9736,2.5063,2.7399,4.059,-54.7352,45.2648,-0.8994,False,-55.6604,4.5472
2026-03-05,LTRN,2.8299999237060547,2.8299999237060547,2.640000104904175,2.7300000190734863,23400,2.7289,3.0866,51.85,2.9407,2.5172,2.7289,-3.1915,-56.1798,43.8202,-0.7252,False,-57.0755,4.4795
2026-03-06,LTRN,2.759999990463257,2.759999990463257,2.650000095367432,2.700000047683716,17500,2.7359,3.0686,50.0,2.9329,2.539,2.7359,-1.0989,-56.6613,43.3387,-0.8297,False,-57.5472,4.3891
2026-03-09,LTRN,2.680000066757202,2.740000009536743,2.559999942779541,2.740000009536743,45000,2.7409,3.0534,50.05,2.9327,2.5492,2.7409,1.4815,-56.0193,43.9807,-0.2159,False,-56.9182,4.4023
2026-03-10,LTRN,2.7300000190734863,2.799999952316284,2.700000047683716,2.759999990463257,21900,2.7434,3.0418,48.11,2.9348,2.5521,2.7434,0.7299,-55.6982,44.3018,-0.7288,False,-56.6038,4.3893
2026-03-11,LTRN,2.7100000381469727,2.75,2.5999999046325684,2.700000047683716,31800,2.7329,3.0262,46.79,2.9082,2.5577,2.7329,-2.1739,-56.6613,43.3387,-0.4661,False,-57.5472,4.3961
2026-03-12,LTRN,2.680000066757202,2.680000066757202,2.509999990463257,2.5299999713897705,65100,2.7169,3.0086,46.36,2.9051,2.5288,2.7169,-6.2963,-59.39,40.61,0.2808,False,-60.2201,4.4707
2026-03-13,LTRN,2.539999961853028,2.595000028610229,2.3399999141693115,2.390000104904175,61000,2.7019,2.9952,42.86,2.9403,2.4636,2.7019,-5.5336,-61.6372,38.3628,0.1984,False,-62.4214,4.5542
2026-03-16,LTRN,2.440000057220459,2.549999952316284,2.3399999141693115,2.4100000858306885,23400,2.6874,2.9828,43.33,2.9592,2.4157,2.6874,0.8368,-61.3162,38.6838,-0.6242,False,-62.1069,4.548
2026-03-17,LTRN,2.450000047683716,2.461999893188477,2.309999942779541,2.3299999237060547,39000,2.667,2.9672,22.45,2.9808,2.3532,2.667,-3.3195,-62.6003,37.3997,-0.2691,False,-63.3648,4.556
2026-03-18,LTRN,2.3499999046325684,2.359999895095825,2.240000009536743,2.289999961853028,22400,2.6415,2.948,22.22,2.9907,2.2923,2.6415,-1.7167,-63.2424,36.7576,-0.6199,False,-63.9937,4.5564
2026-03-19,LTRN,2.2100000381469727,2.2799999713897705,2.109999895095825,2.1600000858306885,70200,2.611,2.9222,20.0,3.0151,2.2069,2.611,-5.6769,-65.3291,34.6709,0.4812,False,-66.0377,4.6149
2026-03-20,LTRN,2.1600000858306885,2.180000066757202,2.0299999713897705,2.130000114440918,45000,2.587,2.8966,22.22,3.0448,2.1292,2.587,-1.3889,-65.8106,34.1894,-0.0516,False,-66.5094,3.9919
2026-03-23,LTRN,2.130000114440918,2.4040000438690186,2.109999895095825,2.240000009536743,23300,2.571,2.8736,28.04,3.0544,2.0876,2.571,5.1643,-64.0449,35.9551,-0.5607,False,-64.7799,4.0729
2026-03-24,LTRN,2.259999990463257,2.299999952316284,2.200000047683716,2.2300000190734863,29200,2.554,2.8484,19.59,3.0609,2.0471,2.554,-0.4464,-64.2055,35.7945,-0.4267,False,-64.9371,4.0301
2026-03-25,LTRN,2.240000009536743,2.4100000858306885,2.180000066757202,2.220000028610229,28500,2.5215,2.8256,21.35,3.0265,2.0165,2.5215,-0.4484,-64.366,35.634,-0.4252,False,-65.0943,3.7406
2026-03-26,LTRN,2.190000057220459,2.190000057220459,2.059999942779541,2.0899999141693115,31800,2.484,2.8022,19.19,3.0006,1.9674,2.484,-5.8559,-66.4526,33.5474,-0.351,False,-67.1384,3.8463
2026-03-27,LTRN,2.2300000190734863,2.400000095367432,1.1100000143051147,1.1200000047683716,7443100,2.399,2.7538,7.81,3.1764,1.6216,2.399,-46.4115,-82.0225,17.9775,5.2922,True,-82.3899,9.131
2026-03-30,LTRN,1.2699999809265137,1.4450000524520874,1.1699999570846558,1.2350000143051147,3877800,2.3268,2.7083,12.16,3.2493,1.4042,2.3268,10.2679,-80.1766,19.8234,2.3048,True,-80.5818,9.4061
2026-03-31,LTRN,1.3799999952316284,2.109999895095825,1.3200000524520874,1.3700000047683716,14884700,2.2598,2.6673,18.18,3.2567,1.2628,2.2598,10.9312,-78.0096,21.9904,4.6043,True,-78.4591,9.681
2026-04-01,LTRN,1.5,1.6200000047683716,1.3600000143051147,1.4199999570846558,1262400,2.1898,2.6239,21.83,3.2172,1.1623,2.1898,3.6496,-77.2071,22.7929,0.1004,False,-77.673,9.7042
2026-04-02,LTRN,1.3700000047683716,1.7799999713897705,1.3600000143051147,1.6200000047683716,1302800,2.1343,2.5885,31.03,3.1588,1.1097,2.1343,14.0845,-73.9968,26.0032,0.1,False,-74.5283,10.1196
2026-04-06,LTRN,1.600000023841858,1.6399999856948853,1.5,1.6200000047683716,341700,2.0803,2.5503,30.35,3.093,1.0675,2.0803,0.0,-73.9968,26.0032,-0.221,False,-74.5283,10.0828
2026-04-07,LTRN,1.6100000143051147,1.7899999618530271,1.5199999809265137,1.7599999904632568,296200,2.0313,2.5163,36.23,3.0036,1.0589,2.0313,8.642,-71.7496,28.2504,-0.2388,False,-72.327,10.2303
2026-04-08,LTRN,1.7999999523162842,1.9700000286102293,1.7599999904632568,1.940000057220459,359100,1.9903,2.4879,42.08,2.9004,1.0801,1.9903,10.2273,-68.8604,31.1396,-0.2219,False,-69.4969,10.4182
2026-04-09,LTRN,1.875,1.9700000286102293,1.850000023841858,1.870000004768372,267300,1.9488,2.4591,43.26,2.7961,1.1014,1.9488,-3.6083,-69.9839,30.0161,-0.2529,False,-70.5975,10.1863
2026-04-10,LTRN,1.919999957084656,2.009999990463257,1.8600000143051147,1.9700000286102293,402200,1.9208,2.4351,46.4,2.7231,1.1184,1.9208,5.3476,-68.3788,31.6212,-0.2113,False,-69.0252,10.2467
2026-04-13,LTRN,1.919999957084656,2.220000028610229,1.850000023841858,2.220000028610229,283300,1.9123,2.4173,49.58,2.6971,1.1274,1.9123,12.6904,-64.366,35.634,-0.2533,False,-65.0943,10.5274
2026-04-14,LTRN,2.2100000381469727,2.369999885559082,2.1600000858306885,2.3299999237060547,287000,1.9083,2.4009,52.03,2.6831,1.1334,1.9083,4.955,-62.6003,37.3997,-0.255,False,-63.3648,10.525
2026-04-15,LTRN,2.3499999046325684,2.4600000381469727,2.220000028610229,2.4200000762939453,217500,1.9128,2.3881,53.94,2.6989,1.1266,1.9128,3.8627,-61.1557,38.8443,-0.2804,False,-61.9497,10.5449
2026-04-16,LTRN,2.4800000190734863,2.819999933242798,2.430000066757202,2.539999961853028,738200,1.9253,2.3777,58.89,2.7439,1.1066,1.9253,4.9587,-59.2295,40.7705,-0.1154,False,-60.0629,10.5572
2026-04-17,LTRN,2.700000047683716,2.734999895095825,2.319999933242798,2.490000009536743,230400,1.9418,2.3685,92.55,2.793,1.0905,1.9418,-1.9685,-60.0321,39.9679,-0.2871,False,-60.8491,10.5453
2026-04-20,LTRN,2.380000114440918,2.799999952316284,2.380000114440918,2.759999990463257,244400,1.9733,2.3725,93.2,2.8974,1.0491,1.9733,10.8434,-55.6982,44.3018,-0.2852,False,-56.6038,10.7111
2026-04-21,LTRN,2.7799999713897705,2.819999933242798,2.539999961853028,2.680000066757202,205900,1.9953,2.3733,88.3,2.9659,1.0246,1.9953,-2.8985,-56.9823,43.0177,-0.3,False,-57.8616,10.7312
2026-04-22,LTRN,2.720000028610229,2.720000028610229,2.509999990463257,2.680000066757202,216400,2.0178,2.3727,87.95,3.0312,1.0043,2.0178,0.0,-56.9823,43.0177,-0.2989,False,-57.8616,10.7318
2026-04-23,LTRN,2.6700000762939453,2.6700000762939453,2.2100000381469727,2.309999942779541,288000,2.0223,2.3607,68.85,3.0403,1.0042,2.0223,-13.806,-62.9213,37.0787,-0.2781,False,-63.6792,11.0421
2026-04-24,LTRN,2.299999952316284,2.609999895095825,2.220000028610229,2.4600000381469727,236800,2.0408,2.3529,71.21,3.0772,1.0043,2.0408,6.4935,-60.5136,39.4864,-0.2973,False,-61.3208,11.028
2026-04-27,LTRN,2.3499999046325684,2.5510001182556152,2.3399999141693115,2.4600000381469727,181100,2.1078,2.3483,69.02,3.0638,1.1517,2.1078,0.0,-60.5136,39.4864,-0.3175,False,-61.3208,10.9669
2026-04-28,LTRN,2.4200000762939453,2.450000047683716,2.1549999713897705,2.240000009536743,290100,2.158,2.3391,57.98,3.0221,1.2939,2.158,-8.9431,-64.0449,35.9551,-0.2842,False,-64.7799,11.1117
2026-04-29,LTRN,2.2799999713897705,2.390000104904175,1.9700000286102293,1.9800000190734863,210600,2.1885,2.3239,52.66,2.9751,1.4019,2.1885,-11.6071,-68.2183,31.7817,-0.313,False,-68.8679,11.3116
2026-04-30,LTRN,2.0899999141693115,2.197999954223633,1.9700000286102293,2.049999952316284,183500,2.22,2.3089,51.96,2.923,1.517,2.22,3.5354,-67.0947,32.9053,-0.3241,False,-67.7673,11.3209
2026-05-01,LTRN,2.069999933242798,2.184999942779541,1.9600000381469729,2.119999885559082,259300,2.245,2.2959,47.31,2.8914,1.5986,2.245,3.4146,-65.9711,34.0289,-0.301,False,-66.6667,11.2736
2026-05-04,LTRN,2.0999999046325684,2.3299999237060547,2.078000068664551,2.2300000190734863,142200,2.2755,2.2883,47.31,2.8515,1.6995,2.2755,5.1887,-64.2055,35.7945,-0.3415,False,-64.9371,11.2951
2026-05-05,LTRN,2.190000057220459,2.2980000972747803,2.111000061035156,2.1600000858306885,202300,2.2955,2.2803,42.93,2.8218,1.7692,2.2955,-3.139,-65.3291,34.6709,-0.3236,False,-66.0377,11.2898
2026-05-06,LTRN,2.119999885559082,2.180000066757202,2.049999952316284,2.140000104904175,130700,2.3055,2.2717,38.51,2.8105,1.8005,2.3055,-0.9259,-65.6501,34.3499,-0.3489,False,-66.3522,11.2918
2026-05-07,LTRN,2.140000104904175,2.184999942779541,2.0299999713897705,2.039999961853028,104300,2.314,2.2551,37.43,2.7932,1.8348,2.314,-4.6729,-67.2552,32.7448,-0.3588,False,-67.9245,11.3322
2026-05-08,LTRN,2.059999942779541,2.1489999294281006,2.039999961853028,2.0999999046325684,118000,2.3205,2.2403,29.11,2.7833,1.8577,2.3205,2.9412,-66.2921,33.7079,-0.3553,False,-66.9811,11.2755
2026-05-11,LTRN,2.0999999046325684,2.140000104904175,2.049999952316284,2.0899999141693115,131500,2.314,2.2257,30.46,2.7863,1.8417,2.314,-0.4762,-66.4526,33.5474,-0.2925,False,-67.1384,6.9212
2026-05-12,LTRN,2.049999952316284,2.1549999713897705,2.0,2.059999942779541,151800,2.3005,2.2133,29.87,2.7861,1.8149,2.3005,-1.4354,-66.9342,33.0658,-0.2445,False,-67.6101,6.787
2026-05-13,LTRN,2.049999952316284,2.650000095367432,2.0199999809265137,2.509999990463257,912600,2.305,2.2093,56.17,2.7969,1.8131,2.305,21.8447,-59.7111,40.2889,1.868,False,-60.5346,7.5365
2026-05-14,LTRN,2.549999952316284,3.240000009536743,2.430000066757202,3.130000114440918,1261200,2.3345,2.2155,66.03,2.9427,1.7263,2.3345,24.7012,-49.7592,50.2408,3.0065,True,-50.7862,8.5744
2026-05-15,LTRN,3.289999961853028,3.289999961853028,2.799999952316284,3.140000104904175,557700,2.367,2.2237,66.19,3.072,1.662,2.367,0.3195,-49.5987,50.4013,0.9673,False,-50.6289,8.326
2026-05-18,LTRN,2.950000047683716,3.0799999237060547,2.825000047683716,3.0,375600,2.379,2.2297,68.81,3.1194,1.6386,2.379,-4.4586,-51.8459,48.1541,0.2367,False,-52.8302,8.4124
2026-05-19,LTRN,3.069999933242798,3.130000114440918,2.900000095367432,3.0899999141693115,118100,2.3995,2.2367,80.0,3.1956,1.6034,2.3995,3.0,-50.4013,49.5987,-0.7575,False,-51.4151,8.3308
2026-05-20,LTRN,3.1600000858306885,3.319999933242798,3.039999961853028,3.1700000762939453,351700,2.424,2.2449,80.11,3.2841,1.5639,2.424,2.589,-49.1172,50.8828,0.1645,False,-50.1572,8.1929
2026-05-21,LTRN,3.140000104904175,3.450000047683716,3.025000095367432,3.319999933242798,245300,2.4745,2.2573,80.93,3.4207,1.5283,2.4745,4.7319,-46.7095,53.2905,-0.252,False,-47.7987,8.1389
2026-05-22,LTRN,3.380000114440918,3.5999999046325684,3.3350000381469727,3.5,447000,2.5265,2.2767,81.59,3.5778,1.4752,2.5265,5.4217,-43.8202,56.1798,0.5354,False,-44.9686,8.1399
